dt_ms,target_id,source_id,arrival_tick,arrival_ms,weight_mV,accepted
0.0002,720575940628695043,720575940619397797,3009372,601.8744,9.24,False
0.0002,720575940628455942,720575940628695043,3010129,602.0258,0.33,True
0.0002,720575940639283278,720575940628695043,3010129,602.0258,1.98,True
0.0002,720575940628455942,720575940629393207,3023664,604.7328,-0.528,True
0.0002,720575940628695043,720575940629393207,3023664,604.7328,-0.792,True
0.0002,720575940628695043,720575940612154339,3023888,604.7776,0.33,True
0.0002,720575940628455942,720575940629377132,3024573,604.9146000000001,-0.528,True
0.0002,720575940628695043,720575940629377132,3024573,604.9146000000001,-1.056,True
0.0002,720575940628455942,720575940629667639,3027490,605.498,0.66,True
0.0002,720575940628695043,720575940629667639,3027490,605.498,0.99,True
0.0002,720575940628455942,720575940625779075,3028597,605.7194000000001,-0.528,True
0.0002,720575940628695043,720575940625779075,3028597,605.7194000000001,-2.64,True
0.0002,720575940628455942,720575940633434208,3028967,605.7934,-0.264,True
0.0002,720575940628695043,720575940633434208,3028967,605.7934,-0.264,True
0.0002,720575940628455942,720575940643551392,3029113,605.8226000000001,-0.264,True
0.0002,720575940628695043,720575940643551392,3029113,605.8226000000001,-0.264,True
0.0002,720575940628695043,720575940623886008,3032626,606.5252,0.33,True
0.0002,720575940628455942,720575940631267409,3034366,606.8732,0.33,True
0.0002,720575940628695043,720575940631267409,3034366,606.8732,0.33,True
0.0002,720575940628455942,720575940631575327,3035075,607.015,0.33,True
0.0002,720575940628695043,720575940631575327,3035075,607.015,0.66,True
0.0002,720575940628455942,720575940623862015,3037232,607.4464,1.32,True
0.0002,720575940628455942,720575940629489260,3053202,610.6404,-2.112,True
0.0002,720575940628695043,720575940629489260,3053202,610.6404,-1.848,True
0.0002,720575940628455942,720575940623322921,3060101,612.0202,-0.264,True
0.0002,720575940628695043,720575940623322921,3060101,612.0202,-0.264,True
0.0002,720575940639283278,720575940632042148,3067064,613.4128000000001,-0.528,True
0.0002,720575940628455942,720575940635932590,3068282,613.6564000000001,-0.264,True
0.0002,720575940628695043,720575940655011489,3126194,625.2388000000001,5.61,True
0.0002,720575940628455942,720575940613670893,3187446,637.4892,-0.528,True
0.0002,720575940628455942,720575940626289021,3197155,639.431,-8.448,True
0.0002,720575940628455942,720575940621057702,3198169,639.6338000000001,-10.56,True
0.0002,720575940639283278,720575940636895406,3224615,644.923,0.33,True
0.0002,720575940639283278,720575940624366845,3243391,648.6782000000001,-0.264,True
0.0002,720575940628695043,720575940620474278,3247709,649.5418000000001,-9.24,True
0.0002,720575940628695043,720575940635211115,3249933,649.9866000000001,-2.9040000000000004,True
0.0004,720575940628695043,720575940655011489,1509377,603.7508,5.61,True
0.0004,720575940639283278,720575940636895406,1521909,608.7636,0.33,True
0.0004,720575940628455942,720575940637902938,1530478,612.1912,1.32,True
0.0004,720575940628695043,720575940637902938,1530478,612.1912,117.15,True
0.0004,720575940628455942,720575940613670893,1530967,612.3868,-0.528,True
0.0004,720575940628455942,720575940628695043,1537876,615.1504,0.33,True
0.0004,720575940639283278,720575940628695043,1537876,615.1504,1.98,True
0.0004,720575940628455942,720575940626289021,1543580,617.432,-8.448,True
0.0004,720575940628695043,720575940612154339,1544636,617.8544,0.33,True
0.0004,720575940639283278,720575940636895406,1544640,617.856,0.33,True
0.0004,720575940628455942,720575940629393207,1544678,617.8712,-0.528,True
0.0004,720575940628695043,720575940629393207,1544678,617.8712,-0.792,True
0.0004,720575940628455942,720575940621057702,1544930,617.972,-10.56,True
0.0004,720575940628455942,720575940629377132,1545161,618.0644,-0.528,True
0.0004,720575940628695043,720575940629377132,1545161,618.0644,-1.056,True
0.0004,720575940628455942,720575940629667639,1546278,618.5112,0.66,True
0.0004,720575940628695043,720575940629667639,1546278,618.5112,0.99,True
0.0004,720575940628455942,720575940625779075,1547175,618.87,-0.528,True
0.0004,720575940628695043,720575940625779075,1547175,618.87,-2.64,True
0.0004,720575940628455942,720575940633434208,1547405,618.962,-0.264,True
0.0004,720575940628695043,720575940633434208,1547405,618.962,-0.264,True
0.0004,720575940628455942,720575940643551392,1547467,618.9868,-0.264,True
0.0004,720575940628695043,720575940643551392,1547467,618.9868,-0.264,True
0.0004,720575940639283278,720575940624366845,1548696,619.4784000000001,-0.264,True
0.0004,720575940628695043,720575940623886008,1549209,619.6836000000001,0.33,True
0.0004,720575940628695043,720575940635211115,1549785,619.914,-2.9040000000000004,True
0.0004,720575940628695043,720575940620474278,1549831,619.9324,-9.24,True
0.0004,720575940628455942,720575940631267409,1549995,619.998,0.33,True
0.0004,720575940628695043,720575940631267409,1549995,619.998,0.33,True
0.0004,720575940628695043,720575940655011489,1550270,620.1080000000001,5.61,True
0.0004,720575940628455942,720575940631575327,1550337,620.1348,0.33,True
0.0004,720575940628695043,720575940631575327,1550337,620.1348,0.66,True
0.0004,720575940628455942,720575940623862015,1551070,620.428,1.32,True
0.0004,720575940628695043,720575940619397797,1551840,620.736,9.24,True
0.0004,720575940628455942,720575940629489260,1562272,624.9088,-2.112,True
0.0004,720575940628695043,720575940629489260,1562272,624.9088,-1.848,True
0.0004,720575940639283278,720575940632042148,1563572,625.4288,-0.528,True
0.0004,720575940628455942,720575940635932590,1568839,627.5356,-0.264,True
0.0004,720575940628455942,720575940625814884,1570479,628.1916,-0.528,True
0.0004,720575940628455942,720575940623322921,1571013,628.4052,-0.264,True
0.0004,720575940628695043,720575940623322921,1571013,628.4052,-0.264,True
0.0004,720575940628455942,720575940637902938,1574940,629.976,1.32,True
0.0004,720575940628695043,720575940637902938,1574940,629.976,117.15,True
0.0004,720575940628695043,720575940624525043,1581989,632.7956,-0.264,False
0.0004,720575940639283278,720575940624525043,1581989,632.7956,-0.264,True
0.0004,720575940628455942,720575940628695043,1583140,633.2560000000001,0.33,True
0.0004,720575940639283278,720575940628695043,1583140,633.2560000000001,1.98,True
0.0004,720575940628455942,720575940611561139,1583345,633.3380000000001,-0.264,True
0.0004,720575940628695043,720575940611561139,1583345,633.3380000000001,-0.264,False
0.0004,720575940628455942,720575940630506358,1583729,633.4916000000001,1.32,True
0.0004,720575940628695043,720575940627699712,1586225,634.49,-0.792,True
0.0004,720575940628455942,720575940628166641,1588286,635.3144,-0.792,True
0.0004,720575940628695043,720575940628166641,1588286,635.3144,-53.328,True
0.0004,720575940628695043,720575940612154339,1589258,635.7032,0.33,True
0.0004,720575940628455942,720575940629667639,1591383,636.5532000000001,0.66,True
0.0004,720575940628695043,720575940629667639,1591383,636.5532000000001,0.99,True
0.0004,720575940628695043,720575940625609264,1591514,636.6056,-0.264,True
0.0004,720575940628455942,720575940625779075,1591868,636.7472,-0.528,True
0.0004,720575940628695043,720575940625779075,1591868,636.7472,-2.64,True
0.0004,720575940628695043,720575940627872515,1591930,636.772,25.41,True
0.0004,720575940628455942,720575940633434208,1592569,637.0276,-0.264,True
0.0004,720575940628695043,720575940633434208,1592569,637.0276,-0.264,True
0.0004,720575940628455942,720575940643551392,1592603,637.0412,-0.264,True
0.0004,720575940628695043,720575940643551392,1592603,637.0412,-0.264,True
0.0004,720575940628695043,720575940655011489,1592899,637.1596000000001,5.61,True
0.0004,720575940628695043,720575940611523733,1593960,637.5840000000001,0.33,True
0.0004,720575940639283278,720575940611523733,1593960,637.5840000000001,0.99,True
0.0004,720575940628455942,720575940623862015,1594428,637.7712,1.32,True
0.0004,720575940628695043,720575940623886008,1594679,637.8716000000001,0.33,True
0.0004,720575940628455942,720575940636963806,1595247,638.0988,-0.792,True
0.0004,720575940628695043,720575940636963806,1595247,638.0988,-11.088000000000001,True
0.0004,720575940639283278,720575940636963806,1595247,638.0988,-0.264,True
0.0004,720575940628455942,720575940631267409,1595259,638.1036,0.33,True
0.0004,720575940628695043,720575940631267409,1595259,638.1036,0.33,True
0.0004,720575940628455942,720575940631575327,1595706,638.2824,0.33,True
0.0004,720575940628695043,720575940631575327,1595706,638.2824,0.66,True
0.0004,720575940628695043,720575940621507549,1597238,638.8952,-0.264,True
0.0004,720575940628455942,720575940618588736,1598789,639.5156000000001,0.33,True
0.0004,720575940628695043,720575940618588736,1598789,639.5156000000001,4.29,True
0.0004,720575940628695043,720575940607447491,1600985,640.394,11.88,True
0.0004,720575940628455942,720575940611439473,1604416,641.7664,1.32,True
0.0004,720575940628695043,720575940611439473,1604416,641.7664,3.6300000000000003,True
0.0004,720575940639283278,720575940611439473,1604416,641.7664,17.16,True
0.0004,720575940628455942,720575940612326373,1604438,641.7752,0.99,True
0.0004,720575940628695043,720575940612326373,1604438,641.7752,1.65,True
0.0004,720575940639283278,720575940612326373,1604438,641.7752,1.32,True
0.0004,720575940628455942,720575940638633806,1604847,641.9388,2.31,True
0.0004,720575940628695043,720575940638633806,1604847,641.9388,1.98,True
0.0004,720575940639283278,720575940638633806,1604847,641.9388,19.470000000000002,True
0.0004,720575940628455942,720575940613441320,1605211,642.0844000000001,-0.264,True
0.0004,720575940628695043,720575940613441320,1605211,642.0844000000001,-0.264,True
0.0004,720575940628455942,720575940629393207,1605447,642.1788,-0.528,True
0.0004,720575940628695043,720575940629393207,1605447,642.1788,-0.792,True
0.0004,720575940628455942,720575940616651193,1606453,642.5812000000001,-2.9040000000000004,True
0.0004,720575940628695043,720575940616651193,1606453,642.5812000000001,-1.32,True
0.0004,720575940628455942,720575940635540671,1606918,642.7672,-1.584,True
0.0004,720575940628695043,720575940635540671,1606918,642.7672,-1.32,True
0.0004,720575940628455942,720575940619252952,1606998,642.7992,-0.792,True
0.0004,720575940628455942,720575940629377132,1607494,642.9976,-0.528,True
0.0004,720575940628695043,720575940629377132,1607494,642.9976,-1.056,True
0.0004,720575940628455942,720575940629910636,1609439,643.7756,2.64,True
0.0004,720575940628695043,720575940629910636,1609439,643.7756,0.66,True
0.0004,720575940639283278,720575940629910636,1609439,643.7756,33.99,True
0.0004,720575940628455942,720575940623387786,1614408,645.7632,42.9,True
0.0004,720575940628695043,720575940623387786,1614408,645.7632,96.36000000000001,True
0.0004,720575940639283278,720575940623387786,1614408,645.7632,2.64,False
0.0004,720575940628455942,720575940639283278,1617828,647.1312,128.04,True
0.0004,720575940628695043,720575940639283278,1617828,647.1312,40.260000000000005,True
0.0004,720575940628455942,720575940639935616,1622723,649.0892,1.65,False
0.0004,720575940628695043,720575940639935616,1622723,649.0892,0.99,False
0.0004,720575940639283278,720575940639935616,1622723,649.0892,1.32,True
0.0004,720575940628455942,720575940618588736,1623860,649.544,0.33,False
0.0004,720575940628695043,720575940618588736,1623860,649.544,4.29,False
0.0004,720575940628455942,720575940628695043,1624183,649.6732000000001,0.33,False
0.0004,720575940639283278,720575940628695043,1624183,649.6732000000001,1.98,True
0.0004,720575940628695043,720575940628455942,1624381,649.7524000000001,0.99,False
0.0004,720575940639283278,720575940628455942,1624381,649.7524000000001,14.850000000000001,True
