dt_ms,condition,root_id,baseline_hz,trials_active
0.1,mode,720575940607272649,58.733333333333334,30
0.1,mode,720575940609423299,0.0,0
0.1,mode,720575940611167842,0.0,0
0.1,mode,720575940612208858,12.1,30
0.1,mode,720575940612336819,0.0,0
0.1,mode,720575940612443890,0.0,0
0.1,mode,720575940612888178,34.666666666666664,30
0.1,mode,720575940615041430,113.03333333333333,30
0.1,mode,720575940615671106,82.1,30
0.1,mode,720575940616194610,0.0,0
0.1,mode,720575940618165019,110.56666666666666,30
0.1,mode,720575940619016059,0.0,0
0.1,mode,720575940619114048,26.966666666666665,30
0.1,mode,720575940619877396,77.7,30
0.1,mode,720575940620156209,0.0,0
0.1,mode,720575940620274085,84.4,30
0.1,mode,720575940620301588,0.0,0
0.1,mode,720575940620673985,46.3,30
0.1,mode,720575940621261296,34.4,30
0.1,mode,720575940621399899,48.1,30
0.1,mode,720575940621586854,66.33333333333333,30
0.1,mode,720575940621833281,0.0,0
0.1,mode,720575940622195625,0.0,0
0.1,mode,720575940623164685,0.0,0
0.1,mode,720575940623211725,65.26666666666667,30
0.1,mode,720575940623352063,82.26666666666667,30
0.1,mode,720575940624983480,0.0,0
0.1,mode,720575940624983591,0.0,0
0.1,mode,720575940626085306,0.0,0
0.1,mode,720575940627107721,0.0,0
0.1,mode,720575940627410451,29.9,30
0.1,mode,720575940628826128,37.13333333333333,30
0.1,mode,720575940628997123,16.9,30
0.1,mode,720575940629564688,0.0,0
0.1,mode,720575940630232380,0.0,0
0.1,mode,720575940630233404,0.0,0
0.1,mode,720575940630781433,5.0,30
0.1,mode,720575940630865724,62.86666666666667,30
0.1,mode,720575940630868793,106.2,30
0.1,mode,720575940631918649,72.43333333333334,30
0.1,mode,720575940631994728,10.333333333333334,30
0.1,mode,720575940632252743,58.8,30
0.1,mode,720575940632486969,0.0,0
0.1,mode,720575940633185567,66.1,30
0.1,mode,720575940633772257,0.0,0
0.1,mode,720575940633796252,0.0,0
0.1,mode,720575940635611316,2.5,29
0.1,mode,720575940643867296,57.666666666666664,30
0.1,mode,720575940645521262,59.96666666666667,30
0.1,mode,720575940645527918,0.0,0
0.1,mode,720575940660219265,83.66666666666667,30
0.1,motor_003,720575940604569824,0.0,0
0.1,motor_003,720575940604999614,0.0,0
0.1,motor_003,720575940606667868,0.0,0
0.1,motor_003,720575940607193986,39.2,30
0.1,motor_003,720575940609488942,0.0,0
0.1,motor_003,720575940611548878,42.766666666666666,30
0.1,motor_003,720575940612036837,35.5,30
0.1,motor_003,720575940612423922,62.1,30
0.1,motor_003,720575940614386070,0.36666666666666664,9
0.1,motor_003,720575940614435178,0.0,0
0.1,motor_003,720575940614607825,0.0,0
0.1,motor_003,720575940616211013,0.0,0
0.1,motor_003,720575940618366843,0.0,0
0.1,motor_003,720575940618519710,0.0,0
0.1,motor_003,720575940619048827,67.9,30
0.1,motor_003,720575940620025620,29.766666666666666,30
0.1,motor_003,720575940620298772,0.0,0
0.1,motor_003,720575940621280688,0.0,0
0.1,motor_003,720575940622810153,45.0,30
0.1,motor_003,720575940625045180,79.23333333333333,30
0.1,motor_003,720575940625612474,0.5,11
0.1,motor_003,720575940625874992,65.1,30
0.1,motor_003,720575940627712019,0.0,0
0.1,motor_003,720575940628998659,16.4,30
0.1,motor_003,720575940629041879,0.0,0
0.1,motor_003,720575940629174889,0.0,0
0.1,motor_003,720575940629561347,22.6,30
0.1,motor_003,720575940629778554,100.5,30
0.1,motor_003,720575940629810748,56.266666666666666,30
0.1,motor_003,720575940629888530,126.66666666666667,30
0.1,motor_003,720575940630683385,53.266666666666666,30
0.1,motor_003,720575940631122937,0.0,0
0.1,motor_003,720575940631406411,36.63333333333333,30
0.1,motor_003,720575940631759663,0.0,0
0.1,motor_003,720575940632047890,77.73333333333333,30
0.1,motor_003,720575940632281927,0.0,0
0.1,motor_003,720575940632304711,24.433333333333334,30
0.1,motor_003,720575940632722636,0.0,0
0.1,motor_003,720575940634138775,0.0,0
0.1,motor_003,720575940634301852,25.166666666666668,30
0.1,motor_003,720575940636000631,0.0,0
0.1,motor_003,720575940636053678,64.53333333333333,30
0.1,motor_003,720575940636165624,26.633333333333333,30
0.1,motor_003,720575940636922999,0.0,0
0.1,motor_003,720575940637303182,0.0,0
0.1,motor_003,720575940638181092,65.16666666666667,30
0.1,motor_003,720575940639198397,17.866666666666667,30
0.1,motor_003,720575940639425112,32.1,30
0.1,motor_003,720575940641480949,14.8,30
0.1,motor_003,720575940645047831,12.666666666666666,30
0.1,motor_003,720575940660229505,41.3,30
0.1,motor_004,720575940604569824,0.0,0
0.1,motor_004,720575940604999614,0.0,0
0.1,motor_004,720575940606667868,0.0,0
0.1,motor_004,720575940607193986,39.2,30
0.1,motor_004,720575940609488942,0.0,0
0.1,motor_004,720575940611548878,42.766666666666666,30
0.1,motor_004,720575940612036837,35.5,30
0.1,motor_004,720575940612423922,62.1,30
0.1,motor_004,720575940614386070,0.36666666666666664,9
0.1,motor_004,720575940614435178,0.0,0
0.1,motor_004,720575940614607825,0.0,0
0.1,motor_004,720575940616211013,0.0,0
0.1,motor_004,720575940618366843,0.0,0
0.1,motor_004,720575940618519710,0.0,0
0.1,motor_004,720575940619048827,67.9,30
0.1,motor_004,720575940620025620,29.766666666666666,30
0.1,motor_004,720575940620298772,0.0,0
0.1,motor_004,720575940621280688,0.0,0
0.1,motor_004,720575940622810153,45.0,30
0.1,motor_004,720575940625045180,79.23333333333333,30
0.1,motor_004,720575940625612474,0.5,11
0.1,motor_004,720575940625874992,65.1,30
0.1,motor_004,720575940627712019,0.0,0
0.1,motor_004,720575940628998659,16.4,30
0.1,motor_004,720575940629041879,0.0,0
0.1,motor_004,720575940629174889,0.0,0
0.1,motor_004,720575940629561347,22.6,30
0.1,motor_004,720575940629778554,100.5,30
0.1,motor_004,720575940629810748,56.266666666666666,30
0.1,motor_004,720575940629888530,126.66666666666667,30
0.1,motor_004,720575940630683385,53.266666666666666,30
0.1,motor_004,720575940631122937,0.0,0
0.1,motor_004,720575940631406411,36.63333333333333,30
0.1,motor_004,720575940631759663,0.0,0
0.1,motor_004,720575940631959097,53.2,30
0.1,motor_004,720575940632047890,77.73333333333333,30
0.1,motor_004,720575940632281927,0.0,0
0.1,motor_004,720575940632304711,24.433333333333334,30
0.1,motor_004,720575940632722636,0.0,0
0.1,motor_004,720575940634138775,0.0,0
0.1,motor_004,720575940634301852,25.166666666666668,30
0.1,motor_004,720575940636000631,0.0,0
0.1,motor_004,720575940636053678,64.53333333333333,30
0.1,motor_004,720575940636165624,26.633333333333333,30
0.1,motor_004,720575940636922999,0.0,0
0.1,motor_004,720575940637303182,0.0,0
0.1,motor_004,720575940638181092,65.16666666666667,30
0.1,motor_004,720575940639198397,17.866666666666667,30
0.1,motor_004,720575940641480949,14.8,30
0.1,motor_004,720575940645047831,12.666666666666666,30
0.1,motor_004,720575940660229505,41.3,30
0.1,motor_005,720575940604569824,0.0,0
0.1,motor_005,720575940604999614,0.0,0
0.1,motor_005,720575940606667868,0.0,0
0.1,motor_005,720575940607193986,39.2,30
0.1,motor_005,720575940609488942,0.0,0
0.1,motor_005,720575940611548878,42.766666666666666,30
0.1,motor_005,720575940612036837,35.5,30
0.1,motor_005,720575940612423922,62.1,30
0.1,motor_005,720575940614386070,0.36666666666666664,9
0.1,motor_005,720575940614435178,0.0,0
0.1,motor_005,720575940614607825,0.0,0
0.1,motor_005,720575940616211013,0.0,0
0.1,motor_005,720575940618366843,0.0,0
0.1,motor_005,720575940618519710,0.0,0
0.1,motor_005,720575940619048827,67.9,30
0.1,motor_005,720575940620025620,29.766666666666666,30
0.1,motor_005,720575940620298772,0.0,0
0.1,motor_005,720575940621280688,0.0,0
0.1,motor_005,720575940622810153,45.0,30
0.1,motor_005,720575940625045180,79.23333333333333,30
0.1,motor_005,720575940625612474,0.5,11
0.1,motor_005,720575940625874992,65.1,30
0.1,motor_005,720575940627712019,0.0,0
0.1,motor_005,720575940628998659,16.4,30
0.1,motor_005,720575940629041879,0.0,0
0.1,motor_005,720575940629174889,0.0,0
0.1,motor_005,720575940629561347,22.6,30
0.1,motor_005,720575940629778554,100.5,30
0.1,motor_005,720575940629810748,56.266666666666666,30
0.1,motor_005,720575940629888530,126.66666666666667,30
0.1,motor_005,720575940630683385,53.266666666666666,30
0.1,motor_005,720575940631122937,0.0,0
0.1,motor_005,720575940631406411,36.63333333333333,30
0.1,motor_005,720575940631759663,0.0,0
0.1,motor_005,720575940631959097,53.2,30
0.1,motor_005,720575940632047890,77.73333333333333,30
0.1,motor_005,720575940632281927,0.0,0
0.1,motor_005,720575940632304711,24.433333333333334,30
0.1,motor_005,720575940632722636,0.0,0
0.1,motor_005,720575940634138775,0.0,0
0.1,motor_005,720575940634301852,25.166666666666668,30
0.1,motor_005,720575940636000631,0.0,0
0.1,motor_005,720575940636053678,64.53333333333333,30
0.1,motor_005,720575940636165624,26.633333333333333,30
0.1,motor_005,720575940636922999,0.0,0
0.1,motor_005,720575940637303182,0.0,0
0.1,motor_005,720575940638181092,65.16666666666667,30
0.1,motor_005,720575940639198397,17.866666666666667,30
0.1,motor_005,720575940639425112,32.1,30
0.1,motor_005,720575940641480949,14.8,30
0.1,motor_005,720575940660229505,41.3,30
0.05,mode,720575940607272649,58.03333333333333,30
0.05,mode,720575940609423299,0.0,0
0.05,mode,720575940611167842,0.0,0
0.05,mode,720575940612208858,11.933333333333334,30
0.05,mode,720575940612336819,0.0,0
0.05,mode,720575940612443890,0.0,0
0.05,mode,720575940612888178,34.233333333333334,30
0.05,mode,720575940615041430,112.66666666666667,30
0.05,mode,720575940615671106,80.83333333333333,30
0.05,mode,720575940616194610,0.0,0
0.05,mode,720575940618165019,112.63333333333334,30
0.05,mode,720575940619016059,0.0,0
0.05,mode,720575940619114048,26.0,30
0.05,mode,720575940619877396,76.46666666666667,30
0.05,mode,720575940620156209,0.0,0
0.05,mode,720575940620274085,85.0,30
0.05,mode,720575940620301588,0.0,0
0.05,mode,720575940620673985,45.86666666666667,30
0.05,mode,720575940621261296,34.9,30
0.05,mode,720575940621399899,47.233333333333334,30
0.05,mode,720575940621586854,68.76666666666667,30
0.05,mode,720575940621833281,0.0,0
0.05,mode,720575940622195625,0.0,0
0.05,mode,720575940623164685,0.0,0
0.05,mode,720575940623211725,64.2,30
0.05,mode,720575940623352063,82.83333333333333,30
0.05,mode,720575940624983480,0.0,0
0.05,mode,720575940624983591,0.0,0
0.05,mode,720575940626085306,0.0,0
0.05,mode,720575940627107721,0.0,0
0.05,mode,720575940627410451,30.766666666666666,30
0.05,mode,720575940628826128,36.733333333333334,30
0.05,mode,720575940628997123,17.7,30
0.05,mode,720575940629564688,0.0,0
0.05,mode,720575940630232380,0.0,0
0.05,mode,720575940630233404,0.0,0
0.05,mode,720575940630781433,5.6,30
0.05,mode,720575940630865724,62.2,30
0.05,mode,720575940630868793,108.56666666666666,30
0.05,mode,720575940631918649,72.36666666666666,30
0.05,mode,720575940631994728,10.6,30
0.05,mode,720575940632252743,58.3,30
0.05,mode,720575940632486969,0.0,0
0.05,mode,720575940633185567,66.63333333333334,30
0.05,mode,720575940633772257,0.0,0
0.05,mode,720575940633796252,0.0,0
0.05,mode,720575940635611316,2.6666666666666665,30
0.05,mode,720575940643867296,58.43333333333333,30
0.05,mode,720575940645521262,58.266666666666666,30
0.05,mode,720575940645527918,0.0,0
0.05,mode,720575940660219265,82.93333333333334,30
0.05,motor_003,720575940604569824,0.0,0
0.05,motor_003,720575940604999614,0.0,0
0.05,motor_003,720575940606667868,0.0,0
0.05,motor_003,720575940607193986,38.1,30
0.05,motor_003,720575940609488942,0.0,0
0.05,motor_003,720575940611548878,42.9,30
0.05,motor_003,720575940612036837,34.3,30
0.05,motor_003,720575940612423922,62.233333333333334,30
0.05,motor_003,720575940614386070,0.4666666666666667,10
0.05,motor_003,720575940614435178,0.0,0
0.05,motor_003,720575940614607825,0.0,0
0.05,motor_003,720575940616211013,0.0,0
0.05,motor_003,720575940618366843,0.0,0
0.05,motor_003,720575940618519710,0.0,0
0.05,motor_003,720575940619048827,68.16666666666667,30
0.05,motor_003,720575940620025620,30.2,30
0.05,motor_003,720575940620298772,0.0,0
0.05,motor_003,720575940621280688,0.0,0
0.05,motor_003,720575940622810153,45.43333333333333,30
0.05,motor_003,720575940625045180,79.66666666666667,30
0.05,motor_003,720575940625612474,0.6333333333333333,11
0.05,motor_003,720575940625874992,66.06666666666666,30
0.05,motor_003,720575940627712019,0.0,0
0.05,motor_003,720575940628998659,16.7,30
0.05,motor_003,720575940629041879,0.0,0
0.05,motor_003,720575940629174889,0.0,0
0.05,motor_003,720575940629561347,22.533333333333335,30
0.05,motor_003,720575940629778554,101.26666666666667,30
0.05,motor_003,720575940629810748,55.8,30
0.05,motor_003,720575940629888530,127.7,30
0.05,motor_003,720575940630683385,53.06666666666667,30
0.05,motor_003,720575940631122937,0.0,0
0.05,motor_003,720575940631406411,36.53333333333333,30
0.05,motor_003,720575940631759663,0.0,0
0.05,motor_003,720575940632047890,78.1,30
0.05,motor_003,720575940632281927,0.0,0
0.05,motor_003,720575940632304711,24.6,30
0.05,motor_003,720575940632722636,0.0,0
0.05,motor_003,720575940634138775,0.0,0
0.05,motor_003,720575940634301852,24.933333333333334,30
0.05,motor_003,720575940636000631,0.0,0
0.05,motor_003,720575940636053678,64.8,30
0.05,motor_003,720575940636165624,26.8,30
0.05,motor_003,720575940636922999,0.0,0
0.05,motor_003,720575940637303182,0.0,0
0.05,motor_003,720575940638181092,65.2,30
0.05,motor_003,720575940639198397,18.466666666666665,30
0.05,motor_003,720575940639425112,31.1,30
0.05,motor_003,720575940641480949,14.233333333333333,30
0.05,motor_003,720575940645047831,12.2,30
0.05,motor_003,720575940660229505,40.93333333333333,30
0.05,motor_004,720575940604569824,0.0,0
0.05,motor_004,720575940604999614,0.0,0
0.05,motor_004,720575940606667868,0.0,0
0.05,motor_004,720575940607193986,38.1,30
0.05,motor_004,720575940609488942,0.0,0
0.05,motor_004,720575940611548878,42.9,30
0.05,motor_004,720575940612036837,34.3,30
0.05,motor_004,720575940612423922,62.233333333333334,30
0.05,motor_004,720575940614386070,0.4666666666666667,10
0.05,motor_004,720575940614435178,0.0,0
0.05,motor_004,720575940614607825,0.0,0
0.05,motor_004,720575940616211013,0.0,0
0.05,motor_004,720575940618366843,0.0,0
0.05,motor_004,720575940618519710,0.0,0
0.05,motor_004,720575940619048827,68.16666666666667,30
0.05,motor_004,720575940620025620,30.2,30
0.05,motor_004,720575940620298772,0.0,0
0.05,motor_004,720575940621280688,0.0,0
0.05,motor_004,720575940622810153,45.43333333333333,30
0.05,motor_004,720575940625045180,79.66666666666667,30
0.05,motor_004,720575940625612474,0.6333333333333333,11
0.05,motor_004,720575940625874992,66.06666666666666,30
0.05,motor_004,720575940627712019,0.0,0
0.05,motor_004,720575940628998659,16.7,30
0.05,motor_004,720575940629041879,0.0,0
0.05,motor_004,720575940629174889,0.0,0
0.05,motor_004,720575940629561347,22.533333333333335,30
0.05,motor_004,720575940629778554,101.26666666666667,30
0.05,motor_004,720575940629810748,55.8,30
0.05,motor_004,720575940629888530,127.7,30
0.05,motor_004,720575940630683385,53.06666666666667,30
0.05,motor_004,720575940631122937,0.0,0
0.05,motor_004,720575940631406411,36.53333333333333,30
0.05,motor_004,720575940631759663,0.0,0
0.05,motor_004,720575940631959097,51.8,30
0.05,motor_004,720575940632047890,78.1,30
0.05,motor_004,720575940632281927,0.0,0
0.05,motor_004,720575940632304711,24.6,30
0.05,motor_004,720575940632722636,0.0,0
0.05,motor_004,720575940634138775,0.0,0
0.05,motor_004,720575940634301852,24.933333333333334,30
0.05,motor_004,720575940636000631,0.0,0
0.05,motor_004,720575940636053678,64.8,30
0.05,motor_004,720575940636165624,26.8,30
0.05,motor_004,720575940636922999,0.0,0
0.05,motor_004,720575940637303182,0.0,0
0.05,motor_004,720575940638181092,65.2,30
0.05,motor_004,720575940639198397,18.466666666666665,30
0.05,motor_004,720575940641480949,14.233333333333333,30
0.05,motor_004,720575940645047831,12.2,30
0.05,motor_004,720575940660229505,40.93333333333333,30
0.05,motor_005,720575940604569824,0.0,0
0.05,motor_005,720575940604999614,0.0,0
0.05,motor_005,720575940606667868,0.0,0
0.05,motor_005,720575940607193986,38.1,30
0.05,motor_005,720575940609488942,0.0,0
0.05,motor_005,720575940611548878,42.9,30
0.05,motor_005,720575940612036837,34.3,30
0.05,motor_005,720575940612423922,62.233333333333334,30
0.05,motor_005,720575940614386070,0.4666666666666667,10
0.05,motor_005,720575940614435178,0.0,0
0.05,motor_005,720575940614607825,0.0,0
0.05,motor_005,720575940616211013,0.0,0
0.05,motor_005,720575940618366843,0.0,0
0.05,motor_005,720575940618519710,0.0,0
0.05,motor_005,720575940619048827,68.16666666666667,30
0.05,motor_005,720575940620025620,30.2,30
0.05,motor_005,720575940620298772,0.0,0
0.05,motor_005,720575940621280688,0.0,0
0.05,motor_005,720575940622810153,45.43333333333333,30
0.05,motor_005,720575940625045180,79.66666666666667,30
0.05,motor_005,720575940625612474,0.6333333333333333,11
0.05,motor_005,720575940625874992,66.06666666666666,30
0.05,motor_005,720575940627712019,0.0,0
0.05,motor_005,720575940628998659,16.7,30
0.05,motor_005,720575940629041879,0.0,0
0.05,motor_005,720575940629174889,0.0,0
0.05,motor_005,720575940629561347,22.533333333333335,30
0.05,motor_005,720575940629778554,101.26666666666667,30
0.05,motor_005,720575940629810748,55.8,30
0.05,motor_005,720575940629888530,127.7,30
0.05,motor_005,720575940630683385,53.06666666666667,30
0.05,motor_005,720575940631122937,0.0,0
0.05,motor_005,720575940631406411,36.53333333333333,30
0.05,motor_005,720575940631759663,0.0,0
0.05,motor_005,720575940631959097,51.8,30
0.05,motor_005,720575940632047890,78.1,30
0.05,motor_005,720575940632281927,0.0,0
0.05,motor_005,720575940632304711,24.6,30
0.05,motor_005,720575940632722636,0.0,0
0.05,motor_005,720575940634138775,0.0,0
0.05,motor_005,720575940634301852,24.933333333333334,30
0.05,motor_005,720575940636000631,0.0,0
0.05,motor_005,720575940636053678,64.8,30
0.05,motor_005,720575940636165624,26.8,30
0.05,motor_005,720575940636922999,0.0,0
0.05,motor_005,720575940637303182,0.0,0
0.05,motor_005,720575940638181092,65.2,30
0.05,motor_005,720575940639198397,18.466666666666665,30
0.05,motor_005,720575940639425112,31.1,30
0.05,motor_005,720575940641480949,14.233333333333333,30
0.05,motor_005,720575940660229505,40.93333333333333,30
0.025,mode,720575940607272649,57.733333333333334,30
0.025,mode,720575940609423299,0.0,0
0.025,mode,720575940611167842,0.0,0
0.025,mode,720575940612208858,11.7,30
0.025,mode,720575940612336819,0.0,0
0.025,mode,720575940612443890,0.0,0
0.025,mode,720575940612888178,34.166666666666664,30
0.025,mode,720575940615041430,112.53333333333333,30
0.025,mode,720575940615671106,81.0,30
0.025,mode,720575940616194610,0.0,0
0.025,mode,720575940618165019,112.13333333333334,30
0.025,mode,720575940619016059,0.0,0
0.025,mode,720575940619114048,26.033333333333335,30
0.025,mode,720575940619877396,76.06666666666666,30
0.025,mode,720575940620156209,0.0,0
0.025,mode,720575940620274085,84.66666666666667,30
0.025,mode,720575940620301588,0.03333333333333333,1
0.025,mode,720575940620673985,46.03333333333333,30
0.025,mode,720575940621261296,34.6,30
0.025,mode,720575940621399899,47.6,30
0.025,mode,720575940621586854,68.26666666666667,30
0.025,mode,720575940621833281,0.0,0
0.025,mode,720575940622195625,0.0,0
0.025,mode,720575940623164685,0.0,0
0.025,mode,720575940623211725,65.03333333333333,30
0.025,mode,720575940623352063,82.56666666666666,30
0.025,mode,720575940624983480,0.0,0
0.025,mode,720575940624983591,0.0,0
0.025,mode,720575940626085306,0.0,0
0.025,mode,720575940627107721,0.0,0
0.025,mode,720575940627410451,30.333333333333332,30
0.025,mode,720575940628826128,37.93333333333333,30
0.025,mode,720575940628997123,18.566666666666666,30
0.025,mode,720575940629564688,0.0,0
0.025,mode,720575940630232380,0.0,0
0.025,mode,720575940630233404,0.0,0
0.025,mode,720575940630781433,5.133333333333334,30
0.025,mode,720575940630865724,61.53333333333333,30
0.025,mode,720575940630868793,110.06666666666666,30
0.025,mode,720575940631918649,72.76666666666667,30
0.025,mode,720575940631994728,11.166666666666666,30
0.025,mode,720575940632252743,58.53333333333333,30
0.025,mode,720575940632486969,0.0,0
0.025,mode,720575940633185567,67.03333333333333,30
0.025,mode,720575940633772257,0.0,0
0.025,mode,720575940633796252,0.0,0
0.025,mode,720575940635611316,2.8333333333333335,28
0.025,mode,720575940643867296,57.766666666666666,30
0.025,mode,720575940645521262,57.4,30
0.025,mode,720575940645527918,0.0,0
0.025,mode,720575940660219265,84.26666666666667,30
0.025,motor_003,720575940604569824,0.0,0
0.025,motor_003,720575940604999614,0.0,0
0.025,motor_003,720575940606667868,0.0,0
0.025,motor_003,720575940607193986,37.96666666666667,30
0.025,motor_003,720575940609488942,0.0,0
0.025,motor_003,720575940611548878,43.13333333333333,30
0.025,motor_003,720575940612036837,35.733333333333334,30
0.025,motor_003,720575940612423922,63.03333333333333,30
0.025,motor_003,720575940614386070,0.36666666666666664,7
0.025,motor_003,720575940614435178,0.0,0
0.025,motor_003,720575940614607825,0.0,0
0.025,motor_003,720575940616211013,0.0,0
0.025,motor_003,720575940618366843,0.0,0
0.025,motor_003,720575940618519710,0.0,0
0.025,motor_003,720575940619048827,67.96666666666667,30
0.025,motor_003,720575940620025620,30.666666666666668,30
0.025,motor_003,720575940620298772,0.0,0
0.025,motor_003,720575940621280688,0.0,0
0.025,motor_003,720575940622810153,45.266666666666666,30
0.025,motor_003,720575940625045180,80.13333333333334,30
0.025,motor_003,720575940625612474,0.5,9
0.025,motor_003,720575940625874992,67.1,30
0.025,motor_003,720575940627712019,0.0,0
0.025,motor_003,720575940628998659,16.4,30
0.025,motor_003,720575940629041879,0.0,0
0.025,motor_003,720575940629174889,0.0,0
0.025,motor_003,720575940629561347,22.1,30
0.025,motor_003,720575940629778554,101.83333333333333,30
0.025,motor_003,720575940629810748,55.53333333333333,30
0.025,motor_003,720575940629888530,127.9,30
0.025,motor_003,720575940630683385,54.36666666666667,30
0.025,motor_003,720575940631122937,0.0,0
0.025,motor_003,720575940631406411,37.03333333333333,30
0.025,motor_003,720575940631759663,0.0,0
0.025,motor_003,720575940632047890,78.63333333333334,30
0.025,motor_003,720575940632281927,0.0,0
0.025,motor_003,720575940632304711,25.566666666666666,30
0.025,motor_003,720575940632722636,0.0,0
0.025,motor_003,720575940634138775,0.0,0
0.025,motor_003,720575940634301852,25.433333333333334,30
0.025,motor_003,720575940636000631,0.0,0
0.025,motor_003,720575940636053678,65.4,30
0.025,motor_003,720575940636165624,27.4,30
0.025,motor_003,720575940636922999,0.0,0
0.025,motor_003,720575940637303182,0.0,0
0.025,motor_003,720575940638181092,65.4,30
0.025,motor_003,720575940639198397,18.7,30
0.025,motor_003,720575940639425112,31.066666666666666,30
0.025,motor_003,720575940641480949,13.533333333333333,30
0.025,motor_003,720575940645047831,12.2,30
0.025,motor_003,720575940660229505,40.96666666666667,30
0.025,motor_004,720575940604569824,0.0,0
0.025,motor_004,720575940604999614,0.0,0
0.025,motor_004,720575940606667868,0.0,0
0.025,motor_004,720575940607193986,37.96666666666667,30
0.025,motor_004,720575940609488942,0.0,0
0.025,motor_004,720575940611548878,43.13333333333333,30
0.025,motor_004,720575940612036837,35.733333333333334,30
0.025,motor_004,720575940612423922,63.03333333333333,30
0.025,motor_004,720575940614386070,0.36666666666666664,7
0.025,motor_004,720575940614435178,0.0,0
0.025,motor_004,720575940614607825,0.0,0
0.025,motor_004,720575940616211013,0.0,0
0.025,motor_004,720575940618366843,0.0,0
0.025,motor_004,720575940618519710,0.0,0
0.025,motor_004,720575940619048827,67.96666666666667,30
0.025,motor_004,720575940620025620,30.666666666666668,30
0.025,motor_004,720575940620298772,0.0,0
0.025,motor_004,720575940621280688,0.0,0
0.025,motor_004,720575940622810153,45.266666666666666,30
0.025,motor_004,720575940625045180,80.13333333333334,30
0.025,motor_004,720575940625612474,0.5,9
0.025,motor_004,720575940625874992,67.1,30
0.025,motor_004,720575940627712019,0.0,0
0.025,motor_004,720575940628998659,16.4,30
0.025,motor_004,720575940629041879,0.0,0
0.025,motor_004,720575940629174889,0.0,0
0.025,motor_004,720575940629561347,22.1,30
0.025,motor_004,720575940629778554,101.83333333333333,30
0.025,motor_004,720575940629810748,55.53333333333333,30
0.025,motor_004,720575940629888530,127.9,30
0.025,motor_004,720575940630683385,54.36666666666667,30
0.025,motor_004,720575940631122937,0.0,0
0.025,motor_004,720575940631406411,37.03333333333333,30
0.025,motor_004,720575940631759663,0.0,0
0.025,motor_004,720575940631959097,52.5,30
0.025,motor_004,720575940632047890,78.63333333333334,30
0.025,motor_004,720575940632281927,0.0,0
0.025,motor_004,720575940632304711,25.566666666666666,30
0.025,motor_004,720575940632722636,0.0,0
0.025,motor_004,720575940634138775,0.0,0
0.025,motor_004,720575940634301852,25.433333333333334,30
0.025,motor_004,720575940636000631,0.0,0
0.025,motor_004,720575940636053678,65.4,30
0.025,motor_004,720575940636165624,27.4,30
0.025,motor_004,720575940636922999,0.0,0
0.025,motor_004,720575940637303182,0.0,0
0.025,motor_004,720575940638181092,65.4,30
0.025,motor_004,720575940639198397,18.7,30
0.025,motor_004,720575940641480949,13.533333333333333,30
0.025,motor_004,720575940645047831,12.2,30
0.025,motor_004,720575940660229505,40.96666666666667,30
0.025,motor_005,720575940604569824,0.0,0
0.025,motor_005,720575940604999614,0.0,0
0.025,motor_005,720575940606667868,0.0,0
0.025,motor_005,720575940607193986,37.96666666666667,30
0.025,motor_005,720575940609488942,0.0,0
0.025,motor_005,720575940611548878,43.13333333333333,30
0.025,motor_005,720575940612036837,35.733333333333334,30
0.025,motor_005,720575940612423922,63.03333333333333,30
0.025,motor_005,720575940614386070,0.36666666666666664,7
0.025,motor_005,720575940614435178,0.0,0
0.025,motor_005,720575940614607825,0.0,0
0.025,motor_005,720575940616211013,0.0,0
0.025,motor_005,720575940618366843,0.0,0
0.025,motor_005,720575940618519710,0.0,0
0.025,motor_005,720575940619048827,67.96666666666667,30
0.025,motor_005,720575940620025620,30.666666666666668,30
0.025,motor_005,720575940620298772,0.0,0
0.025,motor_005,720575940621280688,0.0,0
0.025,motor_005,720575940622810153,45.266666666666666,30
0.025,motor_005,720575940625045180,80.13333333333334,30
0.025,motor_005,720575940625612474,0.5,9
0.025,motor_005,720575940625874992,67.1,30
0.025,motor_005,720575940627712019,0.0,0
0.025,motor_005,720575940628998659,16.4,30
0.025,motor_005,720575940629041879,0.0,0
0.025,motor_005,720575940629174889,0.0,0
0.025,motor_005,720575940629561347,22.1,30
0.025,motor_005,720575940629778554,101.83333333333333,30
0.025,motor_005,720575940629810748,55.53333333333333,30
0.025,motor_005,720575940629888530,127.9,30
0.025,motor_005,720575940630683385,54.36666666666667,30
0.025,motor_005,720575940631122937,0.0,0
0.025,motor_005,720575940631406411,37.03333333333333,30
0.025,motor_005,720575940631759663,0.0,0
0.025,motor_005,720575940631959097,52.5,30
0.025,motor_005,720575940632047890,78.63333333333334,30
0.025,motor_005,720575940632281927,0.0,0
0.025,motor_005,720575940632304711,25.566666666666666,30
0.025,motor_005,720575940632722636,0.0,0
0.025,motor_005,720575940634138775,0.0,0
0.025,motor_005,720575940634301852,25.433333333333334,30
0.025,motor_005,720575940636000631,0.0,0
0.025,motor_005,720575940636053678,65.4,30
0.025,motor_005,720575940636165624,27.4,30
0.025,motor_005,720575940636922999,0.0,0
0.025,motor_005,720575940637303182,0.0,0
0.025,motor_005,720575940638181092,65.4,30
0.025,motor_005,720575940639198397,18.7,30
0.025,motor_005,720575940639425112,31.066666666666666,30
0.025,motor_005,720575940641480949,13.533333333333333,30
0.025,motor_005,720575940660229505,40.96666666666667,30
