dt_ms,model_sign,recruited,motor,required,available
0.1,excitatory,True,False,9,166
0.1,inhibitory,False,False,13,40241
0.1,inhibitory,True,False,9,194
0.1,excitatory,False,False,7,86270
0.1,excitatory,True,True,8,8
0.1,inhibitory,True,True,3,4
0.1,excitatory,False,True,2,52
0.05,excitatory,True,False,9,175
0.05,inhibitory,False,False,13,40236
0.05,inhibitory,True,False,9,199
0.05,excitatory,False,False,7,86261
0.05,excitatory,True,True,8,8
0.05,inhibitory,True,True,3,4
0.05,excitatory,False,True,2,52
0.025,excitatory,True,False,9,176
0.025,inhibitory,False,False,12,40231
0.025,inhibitory,True,False,10,204
0.025,excitatory,False,False,7,86260
0.025,excitatory,True,True,8,8
0.025,inhibitory,True,True,3,4
0.025,excitatory,False,True,2,52
