variant,comparison,metric,mode_minus_comparison,low,high,replicates,seed
w080_i080,motor_003,A,12.900653594771237,12.435915032679741,13.349722222222232,2000,630700
w080_i080,motor_003,F,0.04541181804543215,0.04192770327905133,0.049341192430969676,2000,630700
w080_i080,motor_004,A,11.31960784313725,10.853594771241834,11.74910130718954,2000,630700
w080_i080,motor_004,F,0.03077123743181273,0.027431783771054468,0.03446750993398207,2000,630700
w080_i080,motor_005,A,11.692810457516334,11.24558823529411,12.113758169934629,2000,630700
w080_i080,motor_005,F,0.03816936755224079,0.03508934509753052,0.04151143356084781,2000,630700
w080_i100,motor_003,A,14.459477124183007,13.87970588235295,15.007303921568624,2000,630700
w080_i100,motor_003,F,0.10709776160605389,0.1009442742299619,0.11281181275869576,2000,630700
w080_i100,motor_004,A,13.145751633986926,12.616895424836603,13.684983660130724,2000,630700
w080_i100,motor_004,F,0.08698091623019327,0.08203580483695873,0.09175933981724811,2000,630700
w080_i100,motor_005,A,13.305882352941177,12.784950980392157,13.839885620915034,2000,630700
w080_i100,motor_005,F,0.09245433241546583,0.0875473829077039,0.09729733815654554,2000,630700
w080_i120,motor_003,A,7.680392156862744,7.08032679738562,8.255555555555556,2000,630700
w080_i120,motor_003,F,0.0870168041539639,0.07962795812070361,0.09454335507518868,2000,630700
w080_i120,motor_004,A,7.194771241830064,6.606454248366013,7.767320261437908,2000,630700
w080_i120,motor_004,F,0.07258441171601501,0.064448495070864,0.08025064449040129,2000,630700
w080_i120,motor_005,A,7.212418300653593,6.617549019607844,7.778431372549019,2000,630700
w080_i120,motor_005,F,0.07440121763779697,0.06682767426155996,0.0816511887717571,2000,630700
w100_i080,motor_003,A,8.151633986928111,7.760114379084977,8.553709150326798,2000,630700
w100_i080,motor_003,F,0.00645559133367829,0.003641286703596293,0.009584703055655026,2000,630700
w100_i080,motor_004,A,7.557516339869288,7.163986928104579,7.9680718954248375,2000,630700
w100_i080,motor_004,F,0.007049477796502779,0.004571025510935519,0.009822437046005772,2000,630700
w100_i080,motor_005,A,7.479084967320265,7.05098039215687,7.9282679738562045,2000,630700
w100_i080,motor_005,F,0.008618598464698507,0.006015058231172965,0.011479088285842508,2000,630700
default,motor_003,A,10.42483660130719,9.886813725490194,11.002663398692807,2000,630700
default,motor_003,F,0.03465185507910021,0.03138463196219863,0.038346973860701974,2000,630700
default,motor_004,A,9.96339869281046,9.385604575163399,10.52691176470588,2000,630700
default,motor_004,F,0.030256857303572554,0.027438728014876446,0.03290522196452558,2000,630700
default,motor_005,A,10.016993464052291,9.44964052287582,10.58501633986928,2000,630700
default,motor_005,F,0.032936887398067605,0.030285815750800766,0.03594360898192465,2000,630700
w100_i120,motor_003,A,10.86470588235294,10.258807189542486,11.484395424836597,2000,630700
w100_i120,motor_003,F,0.05972457222243566,0.056029418466120764,0.06302589601339101,2000,630700
w100_i120,motor_004,A,10.063398692810456,9.47114379084967,10.662124183006528,2000,630700
w100_i120,motor_004,F,0.05279881330784822,0.0484211998324419,0.05698023583263707,2000,630700
w100_i120,motor_005,A,10.138562091503264,9.545686274509798,10.734640522875818,2000,630700
w100_i120,motor_005,F,0.05373254244592199,0.04965371026915655,0.05725675393064542,2000,630700
w120_i080,motor_003,A,9.315032679738557,8.777124183006546,9.858823529411769,2000,630700
w120_i080,motor_003,F,-0.02883276877405494,-0.07324153685539954,0.012076316304349277,2000,630700
w120_i080,motor_004,A,7.28300653594771,4.886290849673197,8.745833333333325,2000,630700
w120_i080,motor_004,F,0.10935327495731365,-0.07289199269706768,0.16768489489010832,2000,630700
w120_i080,motor_005,A,7.219607843137251,4.904444444444441,8.607957516339873,2000,630700
w120_i080,motor_005,F,0.11083246937333542,-0.05169335850717347,0.16763151718174088,2000,630700
w120_i100,motor_003,A,10.158169934640524,9.459477124183008,10.830767973856206,2000,630700
w120_i100,motor_003,F,0.025935782848255207,0.023166139845681395,0.02860461055647887,2000,630700
w120_i100,motor_004,A,9.756862745098044,9.18217320261438,10.334689542483666,2000,630700
w120_i100,motor_004,F,0.026355832747691904,0.023556844595142856,0.029288740524574457,2000,630700
w120_i100,motor_005,A,9.804575163398697,9.182843137254897,10.416388888888886,2000,630700
w120_i100,motor_005,F,0.02717724471098401,0.02440798545511305,0.02996286861015893,2000,630700
w120_i120,motor_003,A,8.324183006535947,7.622761437908499,9.03857843137255,2000,630700
w120_i120,motor_003,F,0.03495987935220518,0.03152877091384231,0.03868124090516529,2000,630700
w120_i120,motor_004,A,8.155555555555551,7.401944444444443,8.963088235294123,2000,630700
w120_i120,motor_004,F,0.031142176594178533,0.027586733578485585,0.03492696673184988,2000,630700
w120_i120,motor_005,A,8.081699346405225,7.401928104575169,8.795947712418302,2000,630700
w120_i120,motor_005,F,0.0330579718268493,0.029603879656900072,0.03662779571966197,2000,630700
