variant,comparison,difference_total_abs_hz,difference_mode_abs_hz,difference_relative_to_first_l1,signed_cosine,first_total_abs_hz,second_total_abs_hz
w080_i080,mode_vs_mode_without_mn9,70.40000000000005,10.633333333333386,0.015399534805719421,0.9998779366244528,4571.566666666667,4592.9
w080_i080,mode_vs_mn9_only,4563.299999999999,1112.7999999999997,0.9981917212917525,-0.10764660789982193,4571.566666666667,154.73333333333332
w080_i100,mode_vs_mode_without_mn9,39.96666666666675,3.566666666666667,0.010255840012317293,0.9999598006052118,3896.9666666666667,3896.0666666666666
w080_i100,mode_vs_mn9_only,3763.5666666666666,972.1666666666667,0.9657682470981703,0.7351424243840582,3896.9666666666667,165.26666666666665
w080_i120,mode_vs_mode_without_mn9,26.63333333333332,3.999999999999999,0.010612158159673793,0.9999872576720118,2509.7,2489.866666666667
w080_i120,mode_vs_mn9_only,2508.0333333333338,615.1666666666665,0.9993359100025238,-0.4386948277537512,2509.7,154.26666666666668
w100_i080,mode_vs_mode_without_mn9,95.13333333333341,13.06666666666667,0.015573927041554131,0.9998876931141181,6108.5,6115.299999999999
w100_i080,mode_vs_mn9_only,6069.566666666666,1228.9,0.9936263676298053,0.12337640406197814,6108.5,174.13333333333333
default,mode_vs_mode_without_mn9,76.86666666666662,10.66666666666668,0.01542402696863691,0.9998927450473275,4983.566666666667,4976.233333333333
default,mode_vs_mn9_only,5032.733333333334,1162.5666666666666,1.0098657587939026,-0.48517818163228704,4983.566666666667,176.5
w100_i120,mode_vs_mode_without_mn9,83.30000000000007,9.700000000000058,0.019477938253610723,0.9998657184063022,4276.633333333333,4228.666666666666
w100_i120,mode_vs_mn9_only,4225.433333333333,1017.0666666666667,0.988027965923351,0.3160550480813283,4276.633333333333,126.26666666666668
w120_i080,mode_vs_mode_without_mn9,15608.566666666668,11.933333333333373,1.5827353449179153,0.9512432812219008,9861.766666666666,25291.93333333333
w120_i080,mode_vs_mn9_only,21343.96666666667,1422.0333333333333,2.1643147103460167,0.05979919713179003,9861.766666666666,16042.4
w120_i100,mode_vs_mode_without_mn9,103.96666666666663,14.73333333333332,0.01671686908424358,0.9998755226168394,6219.266666666667,6210.099999999999
w120_i100,mode_vs_mn9_only,6208.833333333334,1278.2333333333333,0.9983224174339954,0.14786418470592874,6219.266666666667,148.89999999999998
w120_i120,mode_vs_mode_without_mn9,88.49999999999999,9.166666666666657,0.017653160281386717,0.9998776385873309,5013.266666666666,4989.233333333333
w120_i120,mode_vs_mn9_only,5054.066666666667,1131.6333333333332,1.0081384060958258,-0.3900149961819413,5013.266666666666,152.13333333333335
default,mode_vs_sum_of_singles,3682.1666666666665,465.09999999999997,0.7388617255379346,0.8443865628062789,4983.566666666667,6867.933333333333
