condition,root_id,baseline_mean_hz,baseline_min_hz,baseline_max_hz,baseline_active_seeds,identical_spike_seeds,n_seeds,joint_lesion_active_seeds,joint_lesion_mean_hz,joint_lesion_max_hz
mode_cell_01,720575940609423299,0.0,0.0,0.0,0,30,30,0,0.0,0.0
mode_cell_02,720575940611167842,0.0,0.0,0.0,0,30,30,0,0.0,0.0
mode_cell_04,720575940612336819,0.0,0.0,0.0,0,30,30,0,0.0,0.0
mode_cell_05,720575940612443890,0.0,0.0,0.0,0,30,30,0,0.0,0.0
mode_cell_09,720575940616194610,0.0,0.0,0.0,0,30,30,0,0.0,0.0
mode_cell_11,720575940619016059,0.0,0.0,0.0,0,30,30,0,0.0,0.0
mode_cell_14,720575940620156209,0.0,0.0,0.0,0,30,30,0,0.0,0.0
mode_cell_16,720575940620301588,0.0,0.0,0.0,0,30,30,0,0.0,0.0
mode_cell_21,720575940621833281,0.0,0.0,0.0,0,30,30,7,0.23333333333333334,1.0
mode_cell_22,720575940622195625,0.0,0.0,0.0,0,30,30,12,0.4,1.0
mode_cell_23,720575940623164685,0.0,0.0,0.0,0,30,30,0,0.0,0.0
mode_cell_26,720575940624983480,0.0,0.0,0.0,0,30,30,23,0.8,2.0
mode_cell_27,720575940624983591,0.0,0.0,0.0,0,30,30,0,0.0,0.0
mode_cell_28,720575940626085306,0.0,0.0,0.0,0,30,30,26,1.1666666666666667,2.0
mode_cell_29,720575940627107721,0.0,0.0,0.0,0,30,30,0,0.0,0.0
mode_cell_33,720575940629564688,0.0,0.0,0.0,0,30,30,1,0.03333333333333333,1.0
mode_cell_34,720575940630232380,0.0,0.0,0.0,0,30,30,0,0.0,0.0
mode_cell_35,720575940630233404,0.0,0.0,0.0,0,30,30,24,0.8333333333333334,2.0
mode_cell_42,720575940632486969,0.0,0.0,0.0,0,30,30,0,0.0,0.0
mode_cell_44,720575940633772257,0.0,0.0,0.0,0,30,30,2,0.06666666666666667,1.0
mode_cell_45,720575940633796252,0.0,0.0,0.0,0,30,30,0,0.0,0.0
mode_cell_49,720575940645527918,0.0,0.0,0.0,0,30,30,30,1.6666666666666667,4.0
