group,field,value,cells
large_only,super_class,central,9094
large_only,super_class,unavailable,1324
large_only,super_class,sensory,767
large_only,super_class,descending,155
large_only,super_class,optic,140
large_only,super_class,visual_projection,26
large_only,super_class,visual_centrifugal,12
large_only,super_class,motor,6
large_only,super_class,ascending,6
large_only,model_sign,excitatory,8312
large_only,model_sign,inhibitory,3218
early_large_only,super_class,central,429
early_large_only,super_class,unavailable,130
early_large_only,super_class,descending,16
early_large_only,super_class,visual_centrifugal,1
early_large_only,super_class,visual_projection,1
early_large_only,model_sign,excitatory,310
early_large_only,model_sign,inhibitory,267
other_active,super_class,central,330
other_active,super_class,descending,88
other_active,super_class,unavailable,82
other_active,super_class,motor,31
other_active,super_class,sensory,7
other_active,super_class,ascending,6
other_active,super_class,visual_centrifugal,5
other_active,model_sign,inhibitory,298
other_active,model_sign,excitatory,251
