root_id,super_class,cell_type,model_sign,baseline_coarse_count,baseline_coarse_first_ms,lesion_coarse_count,lesion_coarse_first_ms,baseline_fine_count,baseline_fine_first_ms,lesion_fine_count,lesion_fine_first_ms,group,early_large_only,recorded_state
720575940627371834,central,CB3699,excitatory,0,,1,81.81250000000001,0,,0,,large_only,True,False
720575940610056772,,,inhibitory,0,,1,86.46249999999999,0,,0,,large_only,True,False
720575940619876884,,,inhibitory,0,,109,92.2125,0,,0,,large_only,True,False
720575940645866292,central,CB0362,excitatory,0,,1,92.9625,0,,0,,large_only,True,False
720575940624525043,central,CRE041,inhibitory,0,,37,102.12500000000001,0,,0,,large_only,True,False
720575940611561139,,,inhibitory,0,,103,102.25000000000001,0,,0,,large_only,True,False
720575940627699712,central,LAL149,inhibitory,0,,72,103.65,0,,0,,large_only,True,False
720575940636963806,central,"CRE008,CRE010",inhibitory,0,,137,106.80000000000001,0,,0,,large_only,True,False
720575940611523733,,,excitatory,0,,24,106.91250000000001,0,,0,,large_only,True,False
720575940611439473,central,VES040,excitatory,0,,100,110.875,0,,0,,large_only,True,False
720575940613441320,central,ATL001,inhibitory,0,,85,112.10000000000001,0,,0,,large_only,True,False
720575940638633806,central,VES040,excitatory,0,,94,112.1125,0,,0,,large_only,True,False
720575940618588736,,,excitatory,0,,157,112.97500000000001,0,,0,,large_only,True,False
720575940635540671,central,LAL072,inhibitory,0,,106,115.0375,0,,0,,large_only,True,False
720575940619252952,,,inhibitory,0,,101,115.2875,0,,0,,large_only,True,False
720575940639935616,,,excitatory,0,,186,115.5375,0,,0,,large_only,True,False
720575940629910636,central,LAL115,excitatory,0,,76,115.6625,0,,0,,large_only,True,False
720575940623387786,central,SMP177,excitatory,0,,192,116.41250000000001,0,,0,,large_only,True,False
720575940639283278,,,excitatory,0,,188,118.3,0,,0,,large_only,True,False
720575940628455942,central,CRE011,excitatory,0,,180,120.75000000000001,0,,0,,large_only,True,False
720575940634928023,,,excitatory,0,,156,121.35,0,,0,,large_only,True,False
720575940626056510,,,inhibitory,0,,128,122.15,0,,0,,large_only,True,False
720575940638695331,,,excitatory,0,,90,122.2,0,,0,,large_only,True,False
720575940616651193,central,ATL011,inhibitory,0,,152,122.5625,0,,0,,large_only,True,False
720575940620011435,central,LAL023,excitatory,0,,107,122.6125,0,,0,,large_only,True,False
720575940619245016,central,PPL107,excitatory,0,,103,122.7,0,,0,,large_only,True,False
720575940631097462,central,LAL023,excitatory,0,,100,122.80000000000001,0,,0,,large_only,True,False
720575940621589887,central,LHPV10d1,excitatory,0,,140,123.15,0,,0,,large_only,True,False
720575940615166111,central,LHPV10d1,excitatory,0,,116,123.37500000000001,0,,0,,large_only,True,False
720575940631058280,central,LAL144b,excitatory,0,,56,123.37500000000001,0,,0,,large_only,True,False
720575940624742158,central,LAL023,excitatory,0,,103,123.45,0,,0,,large_only,True,False
720575940623067389,central,LAL051,inhibitory,0,,75,123.51250000000002,0,,0,,large_only,True,False
720575940639373683,,,inhibitory,0,,111,123.51250000000002,0,,0,,large_only,True,False
720575940627706645,,,inhibitory,0,,8,123.6125,0,,0,,large_only,True,False
720575940612922226,,,excitatory,0,,102,123.65,0,,0,,large_only,True,False
720575940643476128,,,inhibitory,0,,172,124.26250000000002,0,,0,,large_only,True,False
720575940615953202,central,PPL107,excitatory,0,,90,124.3625,0,,0,,large_only,True,False
720575940619754699,central,SIP090,excitatory,0,,71,124.8625,0,,0,,large_only,True,False
720575940626010042,central,LAL144b,excitatory,0,,58,124.9375,0,,0,,large_only,True,False
720575940630539535,central,LAL182,excitatory,0,,113,124.97500000000001,0,,0,,large_only,True,False
720575940623067686,central,SMP385,excitatory,0,,123,124.9875,0,,0,,large_only,True,False
720575940645864739,central,SMP204,inhibitory,0,,119,125.0625,0,,0,,large_only,True,False
720575940633156377,central,ATL032,excitatory,0,,101,125.17500000000001,0,,0,,large_only,True,False
720575940624426940,,,inhibitory,0,,70,125.3,0,,0,,large_only,True,False
720575940625203277,central,SMP385,excitatory,0,,116,125.3125,0,,0,,large_only,True,False
720575940624681520,central,LAL030c,excitatory,0,,83,125.7125,0,,0,,large_only,True,False
720575940630968680,central,LAL144b,excitatory,0,,60,125.83750000000002,0,,0,,large_only,True,False
720575940630939855,,,inhibitory,0,,165,126.27499999999999,0,,0,,large_only,True,False
720575940627692565,central,LHAV6g1,inhibitory,0,,145,126.35000000000002,0,,0,,large_only,True,False
720575940630020345,central,LAL144b,excitatory,0,,63,126.35000000000002,0,,0,,large_only,True,False
720575940620321670,,,excitatory,0,,154,126.38750000000002,0,,0,,large_only,True,False
720575940618263365,central,LAL182,excitatory,0,,86,126.43750000000001,0,,0,,large_only,True,False
720575940622446085,central,LAL022,excitatory,0,,39,126.45,0,,0,,large_only,True,False
720575940629911503,central,ATL015,excitatory,0,,88,126.5,0,,0,,large_only,True,False
720575940620252075,central,LHPV4m1,excitatory,0,,121,126.65,0,,0,,large_only,True,False
720575940622203350,central,SIP029,excitatory,0,,113,126.82499999999999,0,,0,,large_only,True,False
720575940619077255,central,ATL015,excitatory,0,,84,126.91250000000001,0,,0,,large_only,True,False
720575940619709899,central,SIP029,excitatory,0,,128,127.0375,0,,0,,large_only,True,False
720575940616370065,central,LAL030b,excitatory,0,,68,127.17500000000001,0,,0,,large_only,True,False
720575940625032171,central,LAL022,excitatory,0,,73,127.2375,0,,0,,large_only,True,False
720575940605007206,central,CRE102,inhibitory,0,,129,127.5125,0,,0,,large_only,True,False
720575940621905185,,,inhibitory,0,,148,127.525,0,,0,,large_only,True,False
720575940621921285,central,LHAV6g1,inhibitory,0,,134,127.57499999999999,0,,0,,large_only,True,False
720575940645676579,central,CB3523,excitatory,0,,92,127.775,0,,0,,large_only,True,False
720575940607667723,central,LAL142,inhibitory,0,,89,127.87500000000001,0,,0,,large_only,True,False
720575940614684822,central,LAL022,excitatory,0,,65,127.88750000000002,0,,0,,large_only,True,False
720575940628342171,central,CRE077,excitatory,0,,129,127.91250000000001,0,,0,,large_only,True,False
720575940621038294,central,ATL032,excitatory,0,,82,128.0,0,,0,,large_only,True,False
720575940620464321,central,MBON04,inhibitory,0,,75,128.0625,0,,0,,large_only,True,False
720575940632059193,central,CRE102,inhibitory,0,,113,128.16250000000002,0,,0,,large_only,True,False
720575940646735156,central,SMP384,excitatory,0,,119,128.20000000000002,0,,0,,large_only,True,False
720575940633062335,central,LAL030b,excitatory,0,,69,128.3375,0,,0,,large_only,True,False
720575940643882184,central,LHCENT5,inhibitory,0,,84,128.4625,0,,0,,large_only,True,False
720575940639505792,central,SIP018,inhibitory,0,,19,128.5375,0,,0,,large_only,True,False
720575940605028017,central,AVLP446,inhibitory,0,,72,128.6875,0,,0,,large_only,True,False
720575940631865228,central,VES011,excitatory,0,,82,128.725,0,,0,,large_only,True,False
720575940624230122,,,excitatory,0,,54,128.75,0,,0,,large_only,True,False
720575940613463471,central,LAL114,excitatory,0,,77,128.85,0,,0,,large_only,True,False
720575940626979965,,,excitatory,0,,104,129.0125,0,,0,,large_only,True,False
720575940638677411,central,LAL122,inhibitory,0,,90,129.12500000000003,0,,0,,large_only,True,False
720575940618405848,central,LAL030c,excitatory,0,,77,129.2625,0,,0,,large_only,True,False
720575940626650890,central,LAL114,excitatory,0,,82,129.4,0,,0,,large_only,True,False
720575940619766219,central,M_l2PNm14,excitatory,0,,89,129.475,0,,0,,large_only,True,False
720575940614702754,,,inhibitory,0,,25,129.5125,0,,0,,large_only,True,False
720575940620001958,central,SMP204,inhibitory,0,,98,129.63750000000002,0,,0,,large_only,True,False
720575940621833054,central,SMP568,excitatory,0,,95,129.7375,0,,0,,large_only,True,False
720575940613792296,central,LHMB1,inhibitory,0,,7,129.7875,0,,0,,large_only,True,False
720575940621457690,central,SMP108,excitatory,0,,111,129.825,0,,0,,large_only,True,False
720575940625559908,central,LAL030a,excitatory,0,,70,129.8375,0,,0,,large_only,True,False
720575940627946512,central,CB0689,inhibitory,0,,60,129.88750000000002,0,,0,,large_only,True,False
720575940613163473,central,LAL022,excitatory,0,,46,130.13750000000002,0,,0,,large_only,True,False
720575940627619057,central,SMPp&v1A_S02,inhibitory,0,,74,130.16250000000002,0,,0,,large_only,True,False
720575940634172267,central,LAL122,inhibitory,0,,94,130.1875,0,,0,,large_only,True,False
720575940623356651,central,SMP447,inhibitory,0,,78,130.38750000000002,0,,0,,large_only,True,False
720575940616762585,central,CRE078,excitatory,0,,101,130.525,0,,0,,large_only,True,False
720575940627849515,central,LAL052,inhibitory,0,,83,130.525,0,,0,,large_only,True,False
720575940635404724,central,LAL030a,excitatory,0,,80,130.61249999999998,0,,0,,large_only,True,False
720575940626425682,central,LAL030b,excitatory,0,,74,130.66250000000002,0,,0,,large_only,True,False
720575940626703497,,,excitatory,0,,83,130.6875,0,,0,,large_only,True,False
720575940623847728,central,LAL035,excitatory,0,,63,130.7375,0,,0,,large_only,True,False
720575940629225463,central,SMP441,inhibitory,0,,55,130.8,0,,0,,large_only,True,False
720575940635397556,,,inhibitory,0,,97,130.825,0,,0,,large_only,True,False
720575940622971283,central,CRE078,excitatory,0,,96,130.87500000000003,0,,0,,large_only,True,False
720575940622999688,central,LHPV5e1,excitatory,0,,115,131.0375,0,,0,,large_only,True,False
720575940610205282,central,SMP568,excitatory,0,,66,131.20000000000002,0,,0,,large_only,True,False
720575940622446341,central,LAL022,excitatory,0,,34,131.26250000000002,0,,0,,large_only,True,False
720575940628210887,central,LHPV10b1,excitatory,0,,150,131.26250000000002,0,,0,,large_only,True,False
720575940613303471,central,LAL142,inhibitory,0,,82,131.3,0,,0,,large_only,True,False
720575940657580417,,,excitatory,0,,95,131.4,0,,0,,large_only,True,False
720575940617841437,central,LAL030d,excitatory,0,,80,131.5,0,,0,,large_only,True,False
720575940638379598,central,LAL030b,excitatory,0,,69,131.525,0,,0,,large_only,True,False
720575940619773505,,,excitatory,0,,66,131.675,0,,0,,large_only,True,False
720575940626778008,central,SMPp&v1A_P03,inhibitory,0,,94,131.675,0,,0,,large_only,True,False
720575940615042246,central,SMP441,inhibitory,0,,30,131.70000000000002,0,,0,,large_only,True,False
720575940617825949,central,SMP568,excitatory,0,,65,131.87500000000003,0,,0,,large_only,True,False
720575940610506542,,,inhibitory,0,,88,131.9375,0,,0,,large_only,True,False
720575940612734066,central,FB1H,excitatory,0,,96,131.95000000000002,0,,0,,large_only,True,False
720575940613981905,central,LAL052,inhibitory,0,,81,131.95000000000002,0,,0,,large_only,True,False
720575940629908540,central,SMP447,inhibitory,0,,56,132.0,0,,0,,large_only,True,False
720575940617306717,central,SMP568,excitatory,0,,51,132.01250000000002,0,,0,,large_only,True,False
720575940619863125,central,LHCENT8,inhibitory,0,,46,132.025,0,,0,,large_only,True,False
720575940616702465,central,LAL131b,inhibitory,0,,79,132.075,0,,0,,large_only,True,False
720575940617649954,central,CRE069,excitatory,0,,107,132.3,0,,0,,large_only,True,False
720575940620904614,central,SMP568,excitatory,0,,78,132.47500000000002,0,,0,,large_only,True,False
720575940614376615,central,SMP568,excitatory,0,,63,132.625,0,,0,,large_only,True,False
720575940631561676,,,excitatory,0,,101,132.625,0,,0,,large_only,True,False
720575940631937042,central,SMP447,inhibitory,0,,37,132.70000000000002,0,,0,,large_only,True,False
720575940626003130,central,LHCENT8,inhibitory,0,,95,132.7375,0,,0,,large_only,True,False
720575940629560770,central,LAL123,inhibitory,0,,100,132.7375,0,,0,,large_only,True,False
720575940629512314,central,SMP568,excitatory,0,,67,132.8375,0,,0,,large_only,True,False
720575940621646668,,,excitatory,0,,79,132.88750000000002,0,,0,,large_only,True,False
720575940635517876,central,CRE078,excitatory,0,,85,132.97500000000002,0,,0,,large_only,True,False
720575940639355726,,,excitatory,0,,86,133.175,0,,0,,large_only,True,False
720575940624338068,central,SMP504,excitatory,0,,33,133.3,0,,0,,large_only,True,False
720575940634113687,central,ATL003,inhibitory,0,,79,133.325,0,,0,,large_only,True,False
720575940627980955,central,LAL131b,inhibitory,0,,92,133.4875,0,,0,,large_only,True,False
720575940628695056,central,CRE077,excitatory,0,,136,133.4875,0,,0,,large_only,True,False
720575940628682283,,,inhibitory,0,,88,133.5375,0,,0,,large_only,True,False
720575940612551594,central,M_l2PNm14,excitatory,0,,55,133.5875,0,,0,,large_only,True,False
720575940651305718,central,SMP568,excitatory,0,,31,133.6,0,,0,,large_only,True,False
720575940620718318,central,SLP209,inhibitory,0,,113,133.66250000000002,0,,0,,large_only,True,False
720575940630552591,,,inhibitory,0,,76,133.775,0,,0,,large_only,True,False
720575940628290307,central,LAL126,inhibitory,0,,20,133.8,0,,0,,large_only,True,False
720575940634752666,central,CRE009,excitatory,0,,70,133.875,0,,0,,large_only,True,False
720575940621018977,central,SLP209,inhibitory,0,,118,133.8875,0,,0,,large_only,True,False
720575940614789791,central,SMP568,excitatory,0,,58,134.0,0,,0,,large_only,True,False
720575940617853986,central,LHPV10b1,excitatory,0,,165,134.175,0,,0,,large_only,True,False
720575940624915435,central,SMP568,excitatory,0,,81,134.25,0,,0,,large_only,True,False
720575940605777353,,,excitatory,0,,80,134.275,0,,0,,large_only,True,False
720575940610209378,central,VES011,excitatory,0,,87,134.275,0,,0,,large_only,True,False
720575940631673484,central,SMP182,excitatory,0,,69,134.2875,0,,0,,large_only,True,False
720575940619917990,,,excitatory,0,,67,134.3,0,,0,,large_only,True,False
720575940628958979,,,excitatory,0,,132,134.325,0,,0,,large_only,True,False
720575940629763575,central,SMP182,excitatory,0,,64,134.3375,0,,0,,large_only,True,False
720575940632212039,central,FB5AB,excitatory,0,,91,134.36249999999998,0,,0,,large_only,True,False
720575940627321674,central,SMP568,excitatory,0,,43,134.47500000000002,0,,0,,large_only,True,False
720575940640942837,central,LHCENT8,inhibitory,0,,82,134.5,0,,0,,large_only,True,False
720575940606726834,central,LAL081,excitatory,0,,48,134.5625,0,,0,,large_only,True,False
720575940626653309,central,SMP058,inhibitory,0,,120,134.625,0,,0,,large_only,True,False
720575940605495072,,,excitatory,0,,3,134.6375,0,,0,,large_only,True,False
720575940628349456,,,inhibitory,0,,18,134.70000000000002,0,,0,,large_only,True,False
720575940624544748,central,LHPD5d1,excitatory,0,,108,134.7125,0,,0,,large_only,True,False
720575940615413435,central,VES059,excitatory,0,,45,134.775,0,,0,,large_only,True,False
720575940622399190,,,inhibitory,0,,68,134.8,0,,0,,large_only,True,False
720575940625419495,central,mALB1,inhibitory,0,,124,134.825,0,,0,,large_only,True,False
720575940625926693,central,PPL201,excitatory,0,,98,134.825,0,,0,,large_only,True,False
720575940625990974,,,inhibitory,0,,96,134.90000000000003,0,,0,,large_only,True,False
720575940622045917,,,excitatory,0,,49,134.91250000000002,0,,0,,large_only,True,False
720575940622858534,,,inhibitory,0,,96,134.93750000000003,0,,0,,large_only,True,False
720575940623199684,central,CB2860,inhibitory,0,,109,134.93750000000003,0,,0,,large_only,True,False
720575940623088309,central,SMP568,excitatory,0,,57,135.01250000000002,0,,0,,large_only,True,False
720575940609674052,,,inhibitory,0,,93,135.0875,0,,0,,large_only,True,False
720575940626717573,central,LAL126,inhibitory,0,,2,135.18750000000003,0,,0,,large_only,True,False
720575940626024323,central,LAL030d,excitatory,0,,69,135.2125,0,,0,,large_only,True,False
720575940617549497,,,excitatory,0,,99,135.325,0,,0,,large_only,True,False
720575940616143989,,,excitatory,0,,49,135.35,0,,0,,large_only,True,False
720575940635802223,,,inhibitory,0,,71,135.41250000000002,0,,0,,large_only,True,False
720575940621201833,central,CRE017,excitatory,0,,55,135.425,0,,0,,large_only,True,False
720575940624430060,central,CB1079,inhibitory,0,,79,135.43750000000003,0,,0,,large_only,True,False
720575940638840629,central,SMP448,inhibitory,0,,44,135.45000000000002,0,,0,,large_only,True,False
720575940612185586,central,SIP018,inhibitory,0,,23,135.625,0,,0,,large_only,True,False
720575940616055858,central,SMPp&v1A_P03,inhibitory,0,,78,135.6375,0,,0,,large_only,True,False
720575940621213556,central,CRE040,inhibitory,0,,37,135.675,0,,0,,large_only,True,False
720575940624100075,central,CB2018,inhibitory,0,,107,135.7375,0,,0,,large_only,True,False
720575940606453769,central,CB2846,excitatory,0,,57,135.8375,0,,0,,large_only,True,False
720575940628602471,central,CB3554,excitatory,0,,79,135.8625,0,,0,,large_only,True,False
720575940621012289,central,SMP012,inhibitory,0,,100,135.875,0,,0,,large_only,True,False
720575940620232875,central,CB1079,inhibitory,0,,73,135.9,0,,0,,large_only,True,False
720575940625118096,central,CRE017,excitatory,0,,56,135.9,0,,0,,large_only,True,False
720575940609027523,central,SMP059,inhibitory,0,,124,135.93750000000003,0,,0,,large_only,True,False
720575940627731206,central,AVLP446,inhibitory,0,,59,135.9625,0,,0,,large_only,True,False
720575940622910989,central,SMP504,excitatory,0,,3,135.97500000000002,0,,0,,large_only,True,False
720575940629963068,central,SMP568,excitatory,0,,70,135.97500000000002,0,,0,,large_only,True,False
720575940642142861,central,MBON10,inhibitory,0,,68,135.97500000000002,0,,0,,large_only,True,False
720575940620402345,central,CB2357,inhibitory,0,,83,136.0,0,,0,,large_only,True,False
720575940612435685,,,excitatory,0,,68,136.025,0,,0,,large_only,True,False
720575940626199429,central,CB3003,inhibitory,0,,39,136.0625,0,,0,,large_only,True,False
720575940613157329,,,inhibitory,0,,85,136.075,0,,0,,large_only,True,False
720575940639556467,central,MBON10,inhibitory,0,,72,136.15,0,,0,,large_only,True,False
720575940619954598,,,excitatory,0,,84,136.18750000000003,0,,0,,large_only,True,False
720575940621277445,central,CB2846,excitatory,0,,57,136.26250000000002,0,,0,,large_only,True,False
720575940611985265,,,inhibitory,0,,117,136.3125,0,,0,,large_only,True,False
720575940623703757,,,excitatory,0,,91,136.3125,0,,0,,large_only,True,False
720575940642193549,central,LAL030d,excitatory,0,,62,136.3625,0,,0,,large_only,True,False
720575940641560205,central,CRE017,excitatory,0,,70,136.375,0,,0,,large_only,True,False
720575940622770410,central,ATL028,excitatory,0,,51,136.4,0,,0,,large_only,True,False
720575940630523407,central,CB1454,inhibitory,0,,76,136.4,0,,0,,large_only,True,False
720575940626567178,central,CRE103a,excitatory,0,,69,136.5,0,,0,,large_only,True,False
720575940631107139,,,excitatory,0,,49,136.51250000000002,0,,0,,large_only,True,False
720575940610562969,central,CB3077,inhibitory,0,,77,136.525,0,,0,,large_only,True,False
720575940630765253,central,CB1079,inhibitory,0,,76,136.55,0,,0,,large_only,True,False
720575940617786525,central,SMP568,excitatory,0,,42,136.6375,0,,0,,large_only,True,False
720575940630622250,central,SMP011b,inhibitory,0,,96,136.6375,0,,0,,large_only,True,False
720575940631997101,central,CB1454,inhibitory,0,,79,136.675,0,,0,,large_only,True,False
720575940617493460,central,LHAV2k8,excitatory,0,,119,136.7125,0,,0,,large_only,True,False
720575940610647416,central,MBON10,inhibitory,0,,73,136.72500000000002,0,,0,,large_only,True,False
720575940626034777,central,CB1454,inhibitory,0,,78,136.775,0,,0,,large_only,True,False
720575940620769133,central,CB3231,excitatory,0,,53,136.7875,0,,0,,large_only,True,False
720575940632118343,central,MBON10,inhibitory,0,,77,136.8625,0,,0,,large_only,True,False
720575940623460622,,,excitatory,0,,29,136.9875,0,,0,,large_only,True,False
720575940630354169,central,CB3873,excitatory,0,,64,136.9875,0,,0,,large_only,True,False
720575940628716926,central,CRE103a,excitatory,0,,58,137.0,0,,0,,large_only,True,False
720575940606112457,,,inhibitory,0,,1,137.01250000000002,0,,0,,large_only,True,False
720575940630600775,central,"ATL017,ATL018",excitatory,0,,71,137.01250000000002,0,,0,,large_only,True,False
720575940620018964,central,LHAV9a1_b,excitatory,0,,58,137.075,0,,0,,large_only,True,False
720575940638650483,central,CB2781,inhibitory,0,,72,137.0875,0,,0,,large_only,True,False
720575940620689517,central,CRE040,inhibitory,0,,25,137.20000000000002,0,,0,,large_only,True,False
720575940624058516,,,inhibitory,0,,20,137.20000000000002,0,,0,,large_only,True,False
720575940614206866,,,inhibitory,0,,67,137.22500000000002,0,,0,,large_only,True,False
720575940623059443,central,CRE056,inhibitory,0,,62,137.22500000000002,0,,0,,large_only,True,False
720575940623650823,central,lLN2P_b,excitatory,0,,232,137.2375,0,,0,,large_only,True,False
720575940625479426,central,CB2846,excitatory,0,,61,137.2375,0,,0,,large_only,True,False
720575940614067921,central,LHAV9a1_b,excitatory,0,,59,137.25,0,,0,,large_only,True,False
720575940622515165,,,excitatory,0,,148,137.25,0,,0,,large_only,True,False
720575940614159010,central,CB3554,excitatory,0,,75,137.3125,0,,0,,large_only,True,False
720575940629050234,central,SMP058,inhibitory,0,,126,137.325,0,,0,,large_only,True,False
720575940647328900,central,MBON10,inhibitory,0,,68,137.3625,0,,0,,large_only,True,False
720575940617577702,central,CB1079,inhibitory,0,,81,137.375,0,,0,,large_only,True,False
720575940618130625,central,CRE017,excitatory,0,,60,137.375,0,,0,,large_only,True,False
720575940617100985,,,excitatory,0,,1,137.3875,0,,0,,large_only,True,False
720575940626524056,central,ATL003,inhibitory,0,,77,137.3875,0,,0,,large_only,True,False
720575940647380356,,,inhibitory,0,,52,137.4125,0,,0,,large_only,True,False
720575940635776101,central,SMP059,inhibitory,0,,120,137.425,0,,0,,large_only,True,False
720575940617573922,central,CB2357,inhibitory,0,,62,137.43750000000003,0,,0,,large_only,True,False
720575940627635441,central,ATL028,excitatory,0,,55,137.47500000000002,0,,0,,large_only,True,False
720575940610536494,central,CB4198,inhibitory,0,,69,137.4875,0,,0,,large_only,True,False
720575940619736523,,,inhibitory,0,,91,137.625,0,,0,,large_only,True,False
720575940642897293,central,CB0641,excitatory,0,,49,137.625,0,,0,,large_only,True,False
720575940628694019,central,LAL123,inhibitory,0,,91,137.6375,0,,0,,large_only,True,False
720575940629909751,,,inhibitory,0,,53,137.65,0,,0,,large_only,True,False
720575940620777382,,,excitatory,0,,44,137.6625,0,,0,,large_only,True,False
720575940610167665,central,CB2357,inhibitory,0,,70,137.675,0,,0,,large_only,True,False
720575940605032550,central,"ATL017,ATL018",inhibitory,0,,94,137.76250000000002,0,,0,,large_only,True,False
720575940625766842,central,CB2357,inhibitory,0,,87,137.76250000000002,0,,0,,large_only,True,False
720575940632732845,central,CB2357,inhibitory,0,,58,137.76250000000002,0,,0,,large_only,True,False
720575940634480820,central,LAL031,excitatory,0,,38,137.76250000000002,0,,0,,large_only,True,False
720575940619571009,central,SIP048,excitatory,0,,55,137.8875,0,,0,,large_only,True,False
720575940628050950,central,FB1H,excitatory,0,,60,137.8875,0,,0,,large_only,True,False
720575940626323486,,,excitatory,0,,70,137.9125,0,,0,,large_only,True,False
720575940659773313,central,LHAD3g1,inhibitory,0,,58,137.9625,0,,0,,large_only,True,False
720575940625498512,central,CRE069,excitatory,0,,60,137.97500000000002,0,,0,,large_only,True,False
720575940626705937,central,LAL148,inhibitory,0,,58,138.0,0,,0,,large_only,True,False
720575940615763573,central,SMP116,inhibitory,0,,61,138.1375,0,,0,,large_only,True,False
720575940637711686,central,VES059,excitatory,0,,36,138.1375,0,,0,,large_only,True,False
720575940635146848,central,LAL045,inhibitory,0,,81,138.15,0,,0,,large_only,True,False
720575940630040438,central,LAL126,inhibitory,0,,1,138.1625,0,,0,,large_only,True,False
720575940622018217,central,LAL040,inhibitory,0,,2,138.175,0,,0,,large_only,True,False
720575940619401296,central,LAL037,excitatory,0,,53,138.20000000000002,0,,0,,large_only,True,False
720575940623525770,central,LAL030d,excitatory,0,,48,138.25,0,,0,,large_only,True,False
720575940628697538,central,CB1857,excitatory,0,,69,138.26250000000002,0,,0,,large_only,True,False
720575940613973555,,,inhibitory,0,,67,138.275,0,,0,,large_only,True,False
720575940611606490,,,inhibitory,0,,91,138.2875,0,,0,,large_only,True,False
720575940630190411,central,CB2035,excitatory,0,,68,138.3375,0,,0,,large_only,True,False
720575940646415907,central,CB3231,excitatory,0,,33,138.375,0,,0,,large_only,True,False
720575940614441834,central,LAL099,inhibitory,0,,66,138.43750000000003,0,,0,,large_only,True,False
720575940629830700,central,CB1454,inhibitory,0,,70,138.47500000000002,0,,0,,large_only,True,False
720575940612549799,central,CB1454,inhibitory,0,,71,138.5375,0,,0,,large_only,True,False
720575940631989841,central,CB2357,inhibitory,0,,58,138.55,0,,0,,large_only,True,False
720575940625768394,,,excitatory,0,,70,138.625,0,,0,,large_only,True,False
720575940628118159,central,SMP541,inhibitory,0,,77,138.675,0,,0,,large_only,True,False
720575940632804435,central,VES005,excitatory,0,,57,138.75,0,,0,,large_only,True,False
720575940612395178,central,LAL031,excitatory,0,,11,138.82500000000002,0,,0,,large_only,True,False
720575940620904319,,,excitatory,0,,61,138.82500000000002,0,,0,,large_only,True,False
720575940608336907,central,SIP048,excitatory,0,,48,138.9125,0,,0,,large_only,True,False
720575940620759841,central,SMP442,inhibitory,0,,50,138.9125,0,,0,,large_only,True,False
720575940625054906,central,LAL126,inhibitory,0,,1,138.95000000000002,0,,0,,large_only,True,False
720575940621503220,central,CB3873,excitatory,0,,61,138.97500000000002,0,,0,,large_only,True,False
720575940627374598,central,ATL014,inhibitory,0,,39,138.9875,0,,0,,large_only,True,False
720575940622855629,central,CB3077,inhibitory,0,,71,139.01250000000002,0,,0,,large_only,True,False
720575940636488805,central,CB2784,inhibitory,0,,59,139.1,0,,0,,large_only,True,False
720575940607447491,central,LAL185,excitatory,0,,46,139.1125,0,,0,,large_only,True,False
720575940617691170,central,PPL101,excitatory,0,,222,139.1375,0,,0,,large_only,True,False
720575940630046524,central,SMP010,inhibitory,0,,51,139.2375,0,,0,,large_only,True,False
720575940621030320,central,SMP012,inhibitory,0,,98,139.3,0,,0,,large_only,True,False
720575940625649214,central,FB1G,excitatory,0,,53,139.3125,0,,0,,large_only,True,False
720575940621347254,,,excitatory,0,,54,139.375,0,,0,,large_only,True,False
720575940624928956,central,SIP048,excitatory,0,,41,139.4,0,,0,,large_only,True,False
720575940627109202,central,CB1079,inhibitory,0,,75,139.5,0,,0,,large_only,True,False
720575940613594783,central,CB2784,inhibitory,0,,61,139.5625,0,,0,,large_only,True,False
720575940629957943,central,AOTU042,inhibitory,0,,11,139.67499999999998,0,,0,,large_only,True,False
720575940621040737,central,PPL101,excitatory,0,,225,139.7125,0,,0,,large_only,True,False
720575940626128386,central,CB3610,excitatory,0,,57,139.75,0,,0,,large_only,True,False
720575940615770369,central,LAL035,excitatory,0,,52,139.76250000000002,0,,0,,large_only,True,False
720575940620205505,central,SMP561,excitatory,0,,33,139.8875,0,,0,,large_only,True,False
720575940619759750,central,CB2841,excitatory,0,,53,139.9,0,,0,,large_only,True,False
720575940647303300,central,CB1079,inhibitory,0,,68,140.0,0,,0,,large_only,True,False
720575940610951634,,,excitatory,0,,226,140.05,0,,0,,large_only,True,False
720575940619486117,,,excitatory,0,,34,140.05,0,,0,,large_only,True,False
720575940620664496,central,AOTU042,inhibitory,0,,1,140.1125,0,,0,,large_only,True,False
720575940638204132,descending,DNge053,excitatory,0,,68,140.125,0,,0,,large_only,True,False
720575940620488513,central,PAM06,excitatory,0,,32,140.22500000000002,0,,0,,large_only,True,False
720575940648330105,central,PAM06,excitatory,0,,46,140.26250000000002,0,,0,,large_only,True,False
720575940618270629,central,IB010,inhibitory,0,,54,140.3,0,,0,,large_only,True,False
720575940627100584,,,inhibitory,0,,133,140.3375,0,,0,,large_only,True,False
720575940626363529,central,SMP111,excitatory,0,,23,140.35,0,,0,,large_only,True,False
720575940605583136,central,FB4Y,excitatory,0,,78,140.375,0,,0,,large_only,True,False
720575940633766370,,,excitatory,0,,94,140.4375,0,,0,,large_only,True,False
720575940625893507,central,ATL029,excitatory,0,,57,140.45000000000002,0,,0,,large_only,True,False
720575940621814049,central,SMP376,inhibitory,0,,63,140.55,0,,0,,large_only,True,False
720575940629702905,central,LAL170,excitatory,0,,44,140.5625,0,,0,,large_only,True,False
720575940651425782,central,CB1454,inhibitory,0,,80,140.57500000000002,0,,0,,large_only,True,False
720575940624486899,,,excitatory,0,,48,140.70000000000002,0,,0,,large_only,True,False
720575940628529155,central,CB1079,inhibitory,0,,69,140.72500000000002,0,,0,,large_only,True,False
720575940629969111,central,LAL148,inhibitory,0,,56,140.76250000000002,0,,0,,large_only,True,False
720575940621504794,central,PAM05,excitatory,0,,37,140.8,0,,0,,large_only,True,False
720575940622241160,central,CRE087,excitatory,0,,49,140.8375,0,,0,,large_only,True,False
720575940621870886,central,CB1454,inhibitory,0,,78,140.85,0,,0,,large_only,True,False
720575940624470763,,,inhibitory,0,,69,140.85,0,,0,,large_only,True,False
720575940625878160,descending,DNb01,inhibitory,0,,8,141.1,0,,0,,large_only,True,False
720575940643701152,,,inhibitory,0,,50,141.1625,0,,0,,large_only,True,False
720575940633874015,,,inhibitory,0,,32,141.2375,0,,0,,large_only,True,False
720575940631828307,,,inhibitory,0,,49,141.275,0,,0,,large_only,True,False
720575940614383978,central,ATL014,inhibitory,0,,61,141.42499999999998,0,,0,,large_only,True,False
720575940640178640,central,AOTU064,inhibitory,0,,39,141.45000000000002,0,,0,,large_only,True,False
720575940630135084,descending,DNge053,excitatory,0,,48,141.47500000000002,0,,0,,large_only,True,False
720575940617868249,central,CB0429,excitatory,0,,40,141.525,0,,0,,large_only,True,False
720575940611578225,,,inhibitory,0,,73,141.5875,0,,0,,large_only,True,False
720575940616471052,descending,DNg13,excitatory,0,,93,141.625,0,,0,,large_only,True,False
720575940615438402,central,LHPV1c2,excitatory,0,,120,141.65,0,,0,,large_only,True,False
720575940621467212,central,CB1454,inhibitory,0,,78,141.7375,0,,0,,large_only,True,False
720575940630025004,,,inhibitory,0,,2,141.78750000000002,0,,0,,large_only,True,False
720575940630617386,central,SIP022,excitatory,0,,92,141.8875,0,,0,,large_only,True,False
720575940629947964,central,CB1079,inhibitory,0,,64,141.9,0,,0,,large_only,True,False
720575940618807454,central,CL053,excitatory,0,,49,141.9625,0,,0,,large_only,True,False
720575940627808122,central,CB2357,inhibitory,0,,66,141.9875,0,,0,,large_only,True,False
720575940611745429,central,LHPV6o1,inhibitory,0,,129,142.01250000000002,0,,0,,large_only,True,False
720575940631182354,central,CL362,excitatory,0,,3,142.125,0,,0,,large_only,True,False
720575940635507960,central,CB1079,inhibitory,0,,65,142.125,0,,0,,large_only,True,False
720575940629502251,descending,DNbe007,excitatory,0,,101,142.15,0,,0,,large_only,True,False
720575940617749538,central,MBON11,inhibitory,0,,236,142.3,0,,0,,large_only,True,False
720575940621768180,,,excitatory,0,,18,142.35,0,,0,,large_only,True,False
720575940623201833,central,MBON11,inhibitory,0,,235,142.3625,0,,0,,large_only,True,False
720575940629701881,central,CB0429,excitatory,0,,35,142.4625,0,,0,,large_only,True,False
720575940627380679,central,LHAD3g1,inhibitory,0,,53,142.53750000000002,0,,0,,large_only,True,False
720575940629755723,central,CRE056,inhibitory,0,,51,142.55,0,,0,,large_only,True,False
720575940620571574,,,inhibitory,0,,94,142.5625,0,,0,,large_only,True,False
720575940631670865,central,CB2841,excitatory,0,,46,142.625,0,,0,,large_only,True,False
720575940624982823,descending,DNbe006,excitatory,0,,22,142.67499999999998,0,,0,,large_only,True,False
720575940634575796,central,LHPV5e2,excitatory,0,,70,142.6875,0,,0,,large_only,True,False
720575940624534972,central,VES075,excitatory,0,,21,142.75000000000003,0,,0,,large_only,True,False
720575940626879505,central,SMP442,inhibitory,0,,29,142.8,0,,0,,large_only,True,False
720575940629529722,central,MBON10,inhibitory,0,,64,142.8,0,,0,,large_only,True,False
720575940609077828,central,ATL029,excitatory,0,,32,142.875,0,,0,,large_only,True,False
720575940629585602,central,MBON10,inhibitory,0,,70,142.97500000000002,0,,0,,large_only,True,False
720575940630914245,central,LHPV3c1,excitatory,0,,102,142.97500000000002,0,,0,,large_only,True,False
720575940631990343,central,CB1079,inhibitory,0,,65,143.03750000000002,0,,0,,large_only,True,False
720575940617413957,central,CB2357,inhibitory,0,,69,143.1625,0,,0,,large_only,True,False
720575940616486230,central,lLN2P_c,inhibitory,0,,226,143.2,0,,0,,large_only,True,False
720575940632230099,central,CB1151,inhibitory,0,,19,143.22500000000002,0,,0,,large_only,True,False
720575940617244372,,,inhibitory,0,,190,143.375,0,,0,,large_only,True,False
720575940630810695,central,AOTU064,inhibitory,0,,43,143.4875,0,,0,,large_only,True,False
720575940641148405,central,LAL193,excitatory,0,,28,143.65,0,,0,,large_only,True,False
720575940634418021,central,CB2544,excitatory,0,,36,143.7,0,,0,,large_only,True,False
720575940617728852,,,inhibitory,0,,197,143.8625,0,,0,,large_only,True,False
720575940616235348,central,LAL037,excitatory,0,,43,143.8875,0,,0,,large_only,True,False
720575940623182847,central,MBON33,excitatory,0,,108,143.9875,0,,0,,large_only,True,False
720575940629360459,central,CB2245,inhibitory,0,,50,144.00000000000003,0,,0,,large_only,True,False
720575940624280328,central,MBON33,excitatory,0,,83,144.07500000000002,0,,0,,large_only,True,False
720575940621712990,central,ATL042,excitatory,0,,66,144.1375,0,,0,,large_only,True,False
720575940608744405,,,excitatory,0,,85,144.3875,0,,0,,large_only,True,False
720575940614573674,central,CB2018,inhibitory,0,,73,144.57500000000002,0,,0,,large_only,True,False
720575940620842111,central,PS013,excitatory,0,,58,144.625,0,,0,,large_only,True,False
720575940617078489,central,CB1721,excitatory,0,,68,144.65,0,,0,,large_only,True,False
720575940621595888,central,FB4Y,excitatory,0,,60,144.8,0,,0,,large_only,True,False
720575940631349096,,,inhibitory,0,,67,144.8625,0,,0,,large_only,True,False
720575940625212965,central,LHPV6o1,inhibitory,0,,92,144.875,0,,0,,large_only,True,False
720575940631517251,central,AOTU019,inhibitory,0,,89,144.9125,0,,0,,large_only,True,False
720575940624477246,central,CB2357,inhibitory,0,,58,145.1125,0,,0,,large_only,True,False
720575940620266689,,,excitatory,0,,194,145.375,0,,0,,large_only,True,False
720575940613948834,,,excitatory,0,,63,145.4875,0,,0,,large_only,True,False
720575940619820368,central,LAL185,excitatory,0,,12,145.6875,0,,0,,large_only,True,False
720575940609932130,central,CB2784,inhibitory,0,,52,145.775,0,,0,,large_only,True,False
720575940633735063,central,CB3568,inhibitory,0,,43,145.9375,0,,0,,large_only,True,False
720575940624093693,,,excitatory,0,,127,145.9875,0,,0,,large_only,True,False
720575940610404977,central,SMP568,excitatory,0,,48,146.05,0,,0,,large_only,True,False
720575940619998630,central,PS300,inhibitory,0,,24,146.0875,0,,0,,large_only,True,False
720575940630930383,,,excitatory,0,,88,146.13750000000002,0,,0,,large_only,True,False
720575940607472649,central,CB1956,excitatory,0,,14,146.25000000000003,0,,0,,large_only,True,False
720575940627368723,descending,DNde005,excitatory,0,,38,146.3375,0,,0,,large_only,True,False
720575940622998627,central,CB0580,inhibitory,0,,74,146.4,0,,0,,large_only,True,False
720575940639948160,,,excitatory,0,,75,146.4125,0,,0,,large_only,True,False
720575940634310763,central,CB3441,excitatory,0,,45,146.4375,0,,0,,large_only,True,False
720575940626654041,central,LAL185,excitatory,0,,3,146.51250000000002,0,,0,,large_only,True,False
720575940618165393,central,CB0580,inhibitory,0,,64,146.525,0,,0,,large_only,True,False
720575940625336464,central,LAL131a,inhibitory,0,,63,146.5875,0,,0,,large_only,True,False
720575940626693130,central,PS057,inhibitory,0,,62,146.725,0,,0,,large_only,True,False
720575940636553902,central,CB1956,excitatory,0,,12,146.9,0,,0,,large_only,True,False
720575940614908383,,,excitatory,0,,77,146.925,0,,0,,large_only,True,False
720575940639028413,,,excitatory,0,,12,147.275,0,,0,,large_only,True,False
720575940637073385,central,LAL037,excitatory,0,,33,147.425,0,,0,,large_only,True,False
720575940619488495,,,excitatory,0,,1,147.57500000000002,0,,0,,large_only,True,False
720575940614457342,,,excitatory,0,,122,147.875,0,,0,,large_only,True,False
720575940627757584,central,IB060,inhibitory,0,,2,147.9375,0,,0,,large_only,True,False
720575940637210334,central,LAL081,excitatory,0,,39,147.98749999999998,0,,0,,large_only,True,False
720575940629461442,descending,DNb05,excitatory,0,,185,148.03750000000002,0,,0,,large_only,True,False
720575940607982428,central,PS013,excitatory,0,,32,148.2,0,,0,,large_only,True,False
720575940611182554,central,CB2544,excitatory,0,,29,148.23749999999998,0,,0,,large_only,True,False
720575940634258146,central,IB010,inhibitory,0,,54,148.375,0,,0,,large_only,True,False
720575940638937688,central,CB2544,excitatory,0,,36,148.38750000000002,0,,0,,large_only,True,False
720575940618398533,descending,DNp54,inhibitory,0,,46,148.425,0,,0,,large_only,True,False
720575940615086698,central,"SMP143,SMP149",excitatory,0,,51,148.50000000000003,0,,0,,large_only,True,False
720575940625107352,central,"PLP026,PLP027",inhibitory,0,,42,148.50000000000003,0,,0,,large_only,True,False
720575940623181823,central,SMP568,excitatory,0,,58,148.57500000000002,0,,0,,large_only,True,False
720575940632501404,central,PLP187,excitatory,0,,58,148.65,0,,0,,large_only,True,False
720575940623338281,descending,DNg98,inhibitory,0,,59,148.73749999999998,0,,0,,large_only,True,False
720575940624971243,,,excitatory,0,,82,149.1625,0,,0,,large_only,True,False
720575940646582836,central,PAM08,excitatory,0,,69,149.23749999999998,0,,0,,large_only,True,False
720575940631147335,central,CRE018,excitatory,0,,2,149.56250000000003,0,,0,,large_only,True,False
720575940619843311,,,excitatory,0,,54,149.5875,0,,0,,large_only,True,False
720575940619773867,,,excitatory,0,,2,149.8625,0,,0,,large_only,True,False
720575940633333916,central,CB2018,inhibitory,0,,84,149.9375,0,,0,,large_only,True,False
720575940615405718,central,PPL204,excitatory,0,,61,150.1875,0,,0,,large_only,True,False
720575940633480860,,,inhibitory,0,,73,150.4125,0,,0,,large_only,True,False
720575940623781268,central,hDeltaC,excitatory,0,,15,150.63750000000002,0,,0,,large_only,True,False
720575940624028396,,,inhibitory,0,,84,150.6625,0,,0,,large_only,True,False
720575940628353018,central,LAL031,excitatory,0,,28,150.725,0,,0,,large_only,True,False
720575940643919908,central,LAL099,inhibitory,0,,53,150.77500000000003,0,,0,,large_only,True,False
720575940612302042,central,"SMP142,SMP145",excitatory,0,,39,151.02500000000003,0,,0,,large_only,True,False
720575940628356102,central,LAL170,excitatory,0,,3,151.25,0,,0,,large_only,True,False
720575940620058537,central,hDeltaC,excitatory,0,,20,151.32500000000002,0,,0,,large_only,True,False
720575940615974868,,,excitatory,0,,22,151.3375,0,,0,,large_only,True,False
720575940639007395,central,SMP112,excitatory,0,,2,151.7,0,,0,,large_only,True,False
720575940620380449,descending,DNae002,excitatory,0,,4,152.06250000000003,0,,0,,large_only,True,False
720575940659709569,central,LAL102,inhibitory,0,,4,152.2125,0,,0,,large_only,True,False
720575940627422982,,,excitatory,0,,61,152.3625,0,,0,,large_only,True,False
720575940630190295,,,excitatory,0,,52,152.5875,0,,0,,large_only,True,False
720575940642617544,central,LAL147c,inhibitory,0,,27,152.7125,0,,0,,large_only,True,False
720575940612033253,central,CB0543,inhibitory,0,,47,152.725,0,,0,,large_only,True,False
720575940638460998,,,excitatory,0,,74,153.375,0,,0,,large_only,True,False
720575940619797488,,,excitatory,0,,20,153.425,0,,0,,large_only,True,False
720575940639410291,central,FB4N,inhibitory,0,,44,153.53750000000002,0,,0,,large_only,True,False
720575940615438495,central,LHPV3c1,excitatory,0,,91,153.75,0,,0,,large_only,True,False
720575940627096957,central,CB0010,inhibitory,0,,97,153.775,0,,0,,large_only,True,False
720575940623860202,,,excitatory,0,,11,153.9125,0,,0,,large_only,True,False
720575940621215169,,,inhibitory,0,,1,154.13750000000002,0,,0,,large_only,True,False
720575940608429835,central,PAM06,excitatory,0,,15,154.5,0,,0,,large_only,True,False
720575940629171447,central,CB3056,inhibitory,0,,21,154.925,0,,0,,large_only,True,False
720575940636477285,,,excitatory,0,,59,155.06250000000003,0,,0,,large_only,True,False
720575940627605779,central,lLN2P_b,inhibitory,0,,218,155.2125,0,,0,,large_only,True,False
720575940620300308,descending,DNg97,excitatory,0,,2,155.5375,0,,0,,large_only,True,False
720575940605651633,,,excitatory,0,,49,155.60000000000002,0,,0,,large_only,True,False
720575940613860147,,,inhibitory,0,,44,155.63750000000002,0,,0,,large_only,True,False
720575940622400648,central,"SMP143,SMP149",excitatory,0,,37,155.6875,0,,0,,large_only,True,False
720575940623780583,central,CB1857,excitatory,0,,45,155.6875,0,,0,,large_only,True,False
720575940610711250,central,SMP114,inhibitory,0,,93,155.7625,0,,0,,large_only,True,False
720575940626620568,central,CL129,excitatory,0,,9,155.7875,0,,0,,large_only,True,False
720575940611738035,central,"SMP049,SMP076",inhibitory,0,,106,156.04999999999998,0,,0,,large_only,True,False
720575940618853968,,,excitatory,0,,25,156.1125,0,,0,,large_only,True,False
720575940629592143,central,LAL185,excitatory,0,,2,156.275,0,,0,,large_only,True,False
720575940647589172,visual_centrifugal,LT41,inhibitory,0,,29,156.7625,0,,0,,large_only,True,False
720575940624055614,central,CB2841,excitatory,0,,24,156.9625,0,,0,,large_only,True,False
720575940623649097,central,FB5I,inhibitory,0,,10,157.175,0,,0,,large_only,True,False
720575940621426300,central,ATL031,excitatory,0,,43,157.225,0,,0,,large_only,True,False
720575940639542691,central,mALD4,inhibitory,0,,75,157.275,0,,0,,large_only,True,False
720575940630913221,central,PPL204,excitatory,0,,68,157.4375,0,,0,,large_only,True,False
720575940620301677,central,SMP210,inhibitory,0,,1,157.5375,0,,0,,large_only,True,False
720575940610649208,central,SMP112,excitatory,0,,2,157.60000000000002,0,,0,,large_only,True,False
720575940625993817,central,CRE018,excitatory,0,,1,157.8375,0,,0,,large_only,True,False
720575940634874266,central,LAL054,inhibitory,0,,17,157.8375,0,,0,,large_only,True,False
720575940604690278,central,LAL098,inhibitory,0,,4,157.9875,0,,0,,large_only,True,False
720575940624574356,central,CB3441,excitatory,0,,51,158.025,0,,0,,large_only,True,False
720575940627204362,central,PS011,excitatory,0,,10,158.15,0,,0,,large_only,True,False
720575940626813010,central,SMP477,excitatory,0,,13,158.75,0,,0,,large_only,True,False
720575940623260201,central,FB4Y,excitatory,0,,49,159.20000000000002,0,,0,,large_only,True,False
720575940605480806,central,FB6W,inhibitory,0,,55,159.275,0,,0,,large_only,True,False
720575940645610787,central,CB2035,excitatory,0,,55,159.4375,0,,0,,large_only,True,False
720575940629095323,central,CB2706,excitatory,0,,49,159.6875,0,,0,,large_only,True,False
720575940638225597,central,CRE095b,excitatory,0,,10,159.85000000000002,0,,0,,large_only,True,False
720575940624073452,central,FB5Y,inhibitory,0,,27,160.1125,0,,0,,large_only,True,False
720575940626867530,central,SMP112,excitatory,0,,1,160.325,0,,0,,large_only,True,False
720575940633771033,central,SMP477,excitatory,0,,32,160.62500000000003,0,,0,,large_only,True,False
720575940637982552,central,PLP028,inhibitory,0,,37,160.65,0,,0,,large_only,True,False
720575940631457347,,,excitatory,0,,67,161.3125,0,,0,,large_only,True,False
720575940622201046,central,CB3554,excitatory,0,,73,161.55,0,,0,,large_only,True,False
720575940622518197,central,CRE095a,excitatory,0,,14,162.075,0,,0,,large_only,True,False
720575940635120491,central,"SMP142,SMP145",excitatory,0,,32,162.275,0,,0,,large_only,True,False
720575940630294138,,,inhibitory,0,,2,162.3,0,,0,,large_only,True,False
720575940636970096,central,CRE023,inhibitory,0,,37,162.7375,0,,0,,large_only,True,False
720575940622957064,central,CB3241,excitatory,0,,66,162.87500000000003,0,,0,,large_only,True,False
720575940621363421,central,CB2018,inhibitory,0,,86,162.9875,0,,0,,large_only,True,False
720575940625786493,central,LAL031,excitatory,0,,21,163.0,0,,0,,large_only,True,False
720575940630738263,central,CRE018,excitatory,0,,1,163.0875,0,,0,,large_only,True,False
720575940612542742,central,LHPD2c7,inhibitory,0,,1,163.47500000000002,0,,0,,large_only,True,False
720575940617296029,descending,DNge139,excitatory,0,,2,163.7375,0,,0,,large_only,True,False
720575940627312104,central,SMP114,inhibitory,0,,91,163.87500000000003,0,,0,,large_only,True,False
720575940627673585,central,SMP541,inhibitory,0,,77,163.9625,0,,0,,large_only,True,False
720575940630480581,central,SMP112,excitatory,0,,1,164.41250000000002,0,,0,,large_only,True,False
720575940621159094,,,inhibitory,0,,70,164.5,0,,0,,large_only,True,False
720575940626135122,central,PAM05,excitatory,0,,30,164.70000000000002,0,,0,,large_only,True,False
720575940616792577,central,CB1151,inhibitory,0,,1,164.9875,0,,0,,large_only,True,False
720575940605419622,,,inhibitory,0,,107,165.01250000000002,0,,0,,large_only,True,False
720575940637106032,visual_projection,LT51,inhibitory,0,,6,165.3375,0,,0,,large_only,True,False
720575940632876223,central,CB1220,inhibitory,0,,36,165.425,0,,0,,large_only,True,False
720575940634274458,central,SMP376,inhibitory,0,,53,165.5375,0,,0,,large_only,True,False
720575940632542253,central,CB1171,inhibitory,0,,2,165.675,0,,0,,large_only,True,False
720575940629731579,central,CRE056,inhibitory,0,,48,165.72500000000002,0,,0,,large_only,True,False
720575940645264750,central,SMP011b,inhibitory,0,,89,165.86249999999998,0,,0,,large_only,True,False
720575940622025548,central,CRE103b,excitatory,0,,60,166.0375,0,,0,,large_only,True,False
720575940632305951,central,CRE056,inhibitory,0,,47,166.5,0,,0,,large_only,True,False
720575940614412906,central,LAL135,excitatory,0,,2,166.66250000000002,0,,0,,large_only,True,False
720575940630169660,central,LHPV2a1_c,inhibitory,0,,118,166.72500000000002,0,,0,,large_only,True,False
720575940636479863,descending,DNpe013,excitatory,0,,1,166.76250000000002,0,,0,,large_only,True,False
720575940619409542,central,CRE095b,excitatory,0,,2,166.7875,0,,0,,large_only,True,False
720575940611502309,central,CB1031,excitatory,0,,67,166.8,0,,0,,large_only,True,False
720575940606865330,central,CB0629,inhibitory,0,,15,166.9625,0,,0,,large_only,True,False
720575940621866108,central,CB3056,inhibitory,0,,1,167.0875,0,,0,,large_only,True,False
720575940612213741,,,inhibitory,0,,34,167.2375,0,,0,,large_only,True,False
720575940629836343,central,CRE078,excitatory,0,,72,167.40000000000003,0,,0,,large_only,True,False
720575940621961242,central,CRE095b,excitatory,0,,8,167.675,0,,0,,large_only,True,False
720575940603587500,central,SIP003_b,excitatory,0,,3,168.41250000000002,0,,0,,large_only,True,False
720575940618522673,central,CB2018,inhibitory,0,,86,168.5,0,,0,,large_only,True,False
720575940638808448,central,SIP027,inhibitory,0,,11,168.65,0,,0,,large_only,True,False
720575940608351324,,,inhibitory,0,,122,168.8125,0,,0,,large_only,True,False
720575940618626171,central,CB1124,inhibitory,0,,52,168.8375,0,,0,,large_only,True,False
720575940627982332,central,LHPV2a1_c,inhibitory,0,,116,168.97500000000002,0,,0,,large_only,True,False
720575940628962938,central,SMP542,inhibitory,0,,52,168.97500000000002,0,,0,,large_only,True,False
720575940630882263,central,"SMP143,SMP149",excitatory,0,,32,169.375,0,,0,,large_only,True,False
720575940622651869,,,inhibitory,0,,61,169.43750000000003,0,,0,,large_only,True,False
720575940622811116,central,hDeltaC,excitatory,0,,19,169.97500000000002,0,,0,,large_only,True,False
720575940621968845,central,CRE095a,excitatory,0,,1,170.07500000000002,0,,0,,large_only,True,False
720575940607386802,,,excitatory,0,,53,170.65,0,,0,,large_only,True,False
720575940622351128,central,CB0635,excitatory,0,,13,170.9,0,,0,,large_only,True,False
720575940629056411,central,CB1173,inhibitory,0,,62,170.9625,0,,0,,large_only,True,False
720575940623528595,central,LHPV2a1_d,inhibitory,0,,128,172.07500000000002,0,,0,,large_only,True,False
720575940631983277,central,hDeltaC,excitatory,0,,17,172.35,0,,0,,large_only,True,False
720575940619875060,central,CB2736,inhibitory,0,,2,172.3625,0,,0,,large_only,True,False
720575940629952300,central,SLP072,inhibitory,0,,95,172.51250000000002,0,,0,,large_only,True,False
720575940620828165,central,CB1126,inhibitory,0,,58,173.42499999999998,0,,0,,large_only,True,False
720575940634160735,central,CB2146,inhibitory,0,,7,174.00000000000003,0,,0,,large_only,True,False
720575940614461014,central,LAL098,inhibitory,0,,4,174.1,0,,0,,large_only,True,False
720575940635723662,central,CB1220,inhibitory,0,,35,174.4125,0,,0,,large_only,True,False
720575940617443648,,,inhibitory,0,,21,175.35,0,,0,,large_only,True,False
720575940625050256,central,PS018a,excitatory,0,,13,176.5875,0,,0,,large_only,True,False
720575940660217985,central,lLN2P_b,excitatory,0,,224,176.6625,0,,0,,large_only,True,False
720575940618715550,central,LHPD2c7,inhibitory,0,,1,176.71250000000003,0,,0,,large_only,True,False
720575940620904869,,,inhibitory,0,,249,176.8625,0,,0,,large_only,True,False
720575940622566026,,,inhibitory,0,,1,176.9875,0,,0,,large_only,True,False
720575940635249332,central,lLN2P_c,inhibitory,0,,230,177.3375,0,,0,,large_only,True,False
720575940636143608,,,excitatory,0,,226,177.55,0,,0,,large_only,True,False
720575940618320674,,,excitatory,0,,59,177.7375,0,,0,,large_only,True,False
720575940618954038,,,inhibitory,0,,225,177.76250000000002,0,,0,,large_only,True,False
720575940624738121,,,inhibitory,0,,204,177.76250000000002,0,,0,,large_only,True,False
720575940613894311,,,inhibitory,0,,55,177.775,0,,0,,large_only,True,False
720575940626115134,central,lLN2P_b,excitatory,0,,224,177.78750000000002,0,,0,,large_only,True,False
720575940640955637,central,lLN2P_c,inhibitory,0,,234,178.1,0,,0,,large_only,True,False
720575940612461461,central,lLN2P_c,inhibitory,0,,241,178.13750000000002,0,,0,,large_only,True,False
720575940636241550,central,lLN2P_a,inhibitory,0,,223,178.2125,0,,0,,large_only,True,False
720575940612855318,,,inhibitory,0,,236,178.60000000000002,0,,0,,large_only,True,False
720575940614944977,central,lLN2P_b,excitatory,0,,219,178.625,0,,0,,large_only,True,False
720575940632812575,,,inhibitory,0,,227,178.8,0,,0,,large_only,True,False
720575940621781492,,,excitatory,0,,92,178.8625,0,,0,,large_only,True,False
720575940623955637,central,lLN2P_b,excitatory,0,,225,178.925,0,,0,,large_only,True,False
720575940617952034,descending,DNp68,excitatory,0,,64,179.00000000000003,0,,0,,large_only,True,False
720575940623942280,,,inhibitory,0,,226,179.0625,0,,0,,large_only,True,False
720575940644362788,central,lLN2P_a,inhibitory,0,,228,179.26250000000002,0,,0,,large_only,True,False
720575940628577897,descending,DNa04,excitatory,0,,25,179.57500000000002,0,,0,,large_only,True,False
720575940622755978,,,inhibitory,0,,21,179.63750000000002,0,,0,,large_only,True,False
