dt_ms,start_ms,sign,attempted_mV,accepted_mV,accepted_fraction
0.0001,600,exc,746.46,735.9000000000001,0.9858532272325377
0.0001,600,inh,399.432,352.44,0.8823529411764706
0.0001,650,exc,1.32,1.32,1.0
0.0001,650,inh,22.440000000000005,22.440000000000005,1.0
0.0002,600,exc,728.97,723.36,0.9923042100497963
0.0002,600,inh,399.696,352.704,0.8824306472919419
0.0002,650,exc,0.99,0.99,1.0
0.0002,650,inh,8.712000000000002,8.712000000000002,1.0
0.0004,600,exc,3573.57,3549.81,0.9933511866284975
0.0004,600,inh,801.768,719.4000000000001,0.8972670398419493
0.0004,650,exc,14938.11,12649.56,0.8467978880862438
0.0004,650,inh,4388.2080000000005,2972.9040000000005,0.6774756347009987
0.0008,600,exc,744.48,734.91,0.987145390070922
0.0008,600,inh,58.080000000000005,11.088000000000001,0.19090909090909092
0.0008,650,exc,0.66,0.66,1.0
0.0008,650,inh,16.368000000000002,16.368000000000002,1.0
