target_id,n,median_other_minus_leading_mv,more_negative_other,equal,more_negative_leading
720575940607193986,1,0.0110493680690784,0,0,1
720575940607272649,1,0.0,0,1,0
720575940611548878,2,-13.337244005669216,2,0,0
720575940615041430,1,0.0,0,1,0
720575940615671106,1,0.0,0,1,0
720575940618165019,9,-28.289096379022567,7,1,1
720575940618574749,1,0.0,0,1,0
720575940621586854,1,-0.0030784701198179887,1,0,0
720575940623211725,1,0.0,0,1,0
720575940625045180,1,-7.812235908848647,1,0,0
720575940629778554,1,-3.988957105792892,1,0,0
720575940630683385,1,-4.769467199047079,1,0,0
720575940630868793,3,-28.294098008330163,3,0,0
720575940630931999,1,0.0,0,1,0
720575940660219265,1,-0.4159030883531229,1,0,0
