source_id,intermediate_id,motor_id,source_to_intermediate_weight,intermediate_to_motor_weight,intermediate_activity,delta_hz,motif_type,intermediate_nt
720575940617000768,720575940616864217,720575940627410451,1.0,-187.0,4.0,748.0,sensory_excites_inhibitor_inhibits_motor,gaba
720575940640649691,720575940616864217,720575940627410451,3.0,-187.0,4.0,748.0,sensory_excites_inhibitor_inhibits_motor,gaba
720575940630797113,720575940630159616,720575940630868793,1.0,-108.0,6.0,648.0,sensory_excites_inhibitor_inhibits_motor,gaba
720575940632889389,720575940630159616,720575940630868793,2.0,-108.0,6.0,648.0,sensory_excites_inhibitor_inhibits_motor,gaba
720575940637568838,720575940630159616,720575940630868793,2.0,-108.0,6.0,648.0,sensory_excites_inhibitor_inhibits_motor,gaba
720575940638202345,720575940630159616,720575940630868793,1.0,-108.0,6.0,648.0,sensory_excites_inhibitor_inhibits_motor,gaba
720575940617000768,720575940630664556,720575940622810153,4.0,-27.0,24.0,648.0,sensory_excites_inhibitor_inhibits_motor,gaba
720575940624963786,720575940630664556,720575940622810153,5.0,-27.0,24.0,648.0,sensory_excites_inhibitor_inhibits_motor,gaba
720575940630233916,720575940630664556,720575940622810153,8.0,-27.0,24.0,648.0,sensory_excites_inhibitor_inhibits_motor,gaba
720575940637568838,720575940630664556,720575940622810153,2.0,-27.0,24.0,648.0,sensory_excites_inhibitor_inhibits_motor,gaba
720575940638202345,720575940630664556,720575940622810153,5.0,-27.0,24.0,648.0,sensory_excites_inhibitor_inhibits_motor,gaba
720575940630797113,720575940630159616,720575940618165019,1.0,-100.0,6.0,600.0,sensory_excites_inhibitor_inhibits_motor,gaba
720575940632889389,720575940630159616,720575940618165019,2.0,-100.0,6.0,600.0,sensory_excites_inhibitor_inhibits_motor,gaba
720575940637568838,720575940630159616,720575940618165019,2.0,-100.0,6.0,600.0,sensory_excites_inhibitor_inhibits_motor,gaba
720575940638202345,720575940630159616,720575940618165019,1.0,-100.0,6.0,600.0,sensory_excites_inhibitor_inhibits_motor,gaba
720575940617000768,720575940619973712,720575940630233404,15.0,-11.0,54.0,594.0,sensory_excites_inhibitor_inhibits_motor,gaba
720575940621502051,720575940619973712,720575940630233404,6.0,-11.0,54.0,594.0,sensory_excites_inhibitor_inhibits_motor,gaba
720575940621754367,720575940619973712,720575940630233404,1.0,-11.0,54.0,594.0,sensory_excites_inhibitor_inhibits_motor,gaba
720575940624963786,720575940619973712,720575940630233404,9.0,-11.0,54.0,594.0,sensory_excites_inhibitor_inhibits_motor,gaba
720575940630233916,720575940619973712,720575940630233404,4.0,-11.0,54.0,594.0,sensory_excites_inhibitor_inhibits_motor,gaba
720575940630797113,720575940619973712,720575940630233404,1.0,-11.0,54.0,594.0,sensory_excites_inhibitor_inhibits_motor,gaba
720575940632889389,720575940619973712,720575940630233404,5.0,-11.0,54.0,594.0,sensory_excites_inhibitor_inhibits_motor,gaba
720575940637568838,720575940619973712,720575940630233404,5.0,-11.0,54.0,594.0,sensory_excites_inhibitor_inhibits_motor,gaba
720575940638202345,720575940619973712,720575940630233404,2.0,-11.0,54.0,594.0,sensory_excites_inhibitor_inhibits_motor,gaba
720575940640649691,720575940619973712,720575940630233404,6.0,-11.0,54.0,594.0,sensory_excites_inhibitor_inhibits_motor,gaba
720575940617000768,720575940633277209,720575940630233404,5.0,-10.0,32.0,320.0,sensory_excites_inhibitor_inhibits_motor,gaba
720575940621502051,720575940633277209,720575940630233404,2.0,-10.0,32.0,320.0,sensory_excites_inhibitor_inhibits_motor,gaba
720575940621754367,720575940633277209,720575940630233404,2.0,-10.0,32.0,320.0,sensory_excites_inhibitor_inhibits_motor,gaba
720575940624963786,720575940633277209,720575940630233404,6.0,-10.0,32.0,320.0,sensory_excites_inhibitor_inhibits_motor,gaba
720575940630233916,720575940633277209,720575940630233404,6.0,-10.0,32.0,320.0,sensory_excites_inhibitor_inhibits_motor,gaba
720575940632889389,720575940633277209,720575940630233404,2.0,-10.0,32.0,320.0,sensory_excites_inhibitor_inhibits_motor,gaba
720575940637568838,720575940633277209,720575940630233404,2.0,-10.0,32.0,320.0,sensory_excites_inhibitor_inhibits_motor,gaba
720575940638202345,720575940633277209,720575940630233404,6.0,-10.0,32.0,320.0,sensory_excites_inhibitor_inhibits_motor,gaba
720575940640649691,720575940633277209,720575940630233404,1.0,-10.0,32.0,320.0,sensory_excites_inhibitor_inhibits_motor,gaba
720575940617000768,720575940616864217,720575940626939737,1.0,-77.0,4.0,308.0,sensory_excites_inhibitor_inhibits_motor,gaba
720575940640649691,720575940616864217,720575940626939737,3.0,-77.0,4.0,308.0,sensory_excites_inhibitor_inhibits_motor,gaba
720575940630797113,720575940630159616,720575940636165624,1.0,-44.0,6.0,264.0,sensory_excites_inhibitor_inhibits_motor,gaba
720575940632889389,720575940630159616,720575940636165624,2.0,-44.0,6.0,264.0,sensory_excites_inhibitor_inhibits_motor,gaba
720575940637568838,720575940630159616,720575940636165624,2.0,-44.0,6.0,264.0,sensory_excites_inhibitor_inhibits_motor,gaba
720575940638202345,720575940630159616,720575940636165624,1.0,-44.0,6.0,264.0,sensory_excites_inhibitor_inhibits_motor,gaba
720575940632889389,720575940633065901,720575940630868793,2.0,-104.0,2.0,208.0,sensory_excites_inhibitor_inhibits_motor,gaba
720575940621502051,720575940621771041,720575940621586854,1.0,-91.0,2.0,182.0,sensory_excites_inhibitor_inhibits_motor,gaba
720575940640649691,720575940621771041,720575940621586854,1.0,-91.0,2.0,182.0,sensory_excites_inhibitor_inhibits_motor,gaba
720575940617000768,720575940616864217,720575940614734754,1.0,-44.0,4.0,176.0,sensory_excites_inhibitor_inhibits_motor,gaba
720575940640649691,720575940616864217,720575940614734754,3.0,-44.0,4.0,176.0,sensory_excites_inhibitor_inhibits_motor,gaba
720575940632889389,720575940633065901,720575940618165019,2.0,-86.0,2.0,172.0,sensory_excites_inhibitor_inhibits_motor,gaba
720575940617000768,720575940630664556,720575940620025620,4.0,-7.0,24.0,168.0,sensory_excites_inhibitor_inhibits_motor,gaba
720575940624963786,720575940630664556,720575940620025620,5.0,-7.0,24.0,168.0,sensory_excites_inhibitor_inhibits_motor,gaba
720575940630233916,720575940630664556,720575940620025620,8.0,-7.0,24.0,168.0,sensory_excites_inhibitor_inhibits_motor,gaba
720575940637568838,720575940630664556,720575940620025620,2.0,-7.0,24.0,168.0,sensory_excites_inhibitor_inhibits_motor,gaba
720575940638202345,720575940630664556,720575940620025620,5.0,-7.0,24.0,168.0,sensory_excites_inhibitor_inhibits_motor,gaba
720575940621502051,720575940644666148,720575940618165019,1.0,-140.0,1.0,140.0,sensory_excites_inhibitor_inhibits_motor,gaba
720575940621502051,720575940621771041,720575940633185567,1.0,-66.0,2.0,132.0,sensory_excites_inhibitor_inhibits_motor,gaba
720575940640649691,720575940621771041,720575940633185567,1.0,-66.0,2.0,132.0,sensory_excites_inhibitor_inhibits_motor,gaba
720575940617000768,720575940616864217,720575940623415849,1.0,-27.0,4.0,108.0,sensory_excites_inhibitor_inhibits_motor,gaba
720575940640649691,720575940616864217,720575940623415849,3.0,-27.0,4.0,108.0,sensory_excites_inhibitor_inhibits_motor,gaba
720575940617000768,720575940619973712,720575940610679876,15.0,-2.0,54.0,108.0,sensory_excites_inhibitor_inhibits_motor,gaba
720575940621502051,720575940619973712,720575940610679876,6.0,-2.0,54.0,108.0,sensory_excites_inhibitor_inhibits_motor,gaba
720575940621754367,720575940619973712,720575940610679876,1.0,-2.0,54.0,108.0,sensory_excites_inhibitor_inhibits_motor,gaba
720575940624963786,720575940619973712,720575940610679876,9.0,-2.0,54.0,108.0,sensory_excites_inhibitor_inhibits_motor,gaba
720575940630233916,720575940619973712,720575940610679876,4.0,-2.0,54.0,108.0,sensory_excites_inhibitor_inhibits_motor,gaba
720575940630797113,720575940619973712,720575940610679876,1.0,-2.0,54.0,108.0,sensory_excites_inhibitor_inhibits_motor,gaba
720575940632889389,720575940619973712,720575940610679876,5.0,-2.0,54.0,108.0,sensory_excites_inhibitor_inhibits_motor,gaba
720575940637568838,720575940619973712,720575940610679876,5.0,-2.0,54.0,108.0,sensory_excites_inhibitor_inhibits_motor,gaba
720575940638202345,720575940619973712,720575940610679876,2.0,-2.0,54.0,108.0,sensory_excites_inhibitor_inhibits_motor,gaba
720575940640649691,720575940619973712,720575940610679876,6.0,-2.0,54.0,108.0,sensory_excites_inhibitor_inhibits_motor,gaba
720575940621502051,720575940644666148,720575940630868793,1.0,-108.0,1.0,108.0,sensory_excites_inhibitor_inhibits_motor,gaba
720575940617000768,720575940632648612,720575940613935535,5.0,-1.0,96.0,96.0,sensory_excites_inhibitor_inhibits_motor,gaba
720575940621502051,720575940632648612,720575940613935535,6.0,-1.0,96.0,96.0,sensory_excites_inhibitor_inhibits_motor,gaba
720575940621754367,720575940632648612,720575940613935535,8.0,-1.0,96.0,96.0,sensory_excites_inhibitor_inhibits_motor,gaba
720575940624963786,720575940632648612,720575940613935535,14.0,-1.0,96.0,96.0,sensory_excites_inhibitor_inhibits_motor,gaba
720575940630233916,720575940632648612,720575940613935535,20.0,-1.0,96.0,96.0,sensory_excites_inhibitor_inhibits_motor,gaba
720575940630797113,720575940632648612,720575940613935535,9.0,-1.0,96.0,96.0,sensory_excites_inhibitor_inhibits_motor,gaba
720575940632889389,720575940632648612,720575940613935535,9.0,-1.0,96.0,96.0,sensory_excites_inhibitor_inhibits_motor,gaba
720575940637568838,720575940632648612,720575940613935535,6.0,-1.0,96.0,96.0,sensory_excites_inhibitor_inhibits_motor,gaba
720575940638202345,720575940632648612,720575940613935535,17.0,-1.0,96.0,96.0,sensory_excites_inhibitor_inhibits_motor,gaba
720575940640649691,720575940632648612,720575940613935535,2.0,-1.0,96.0,96.0,sensory_excites_inhibitor_inhibits_motor,gaba
720575940617000768,720575940641366517,720575940613935535,2.0,-2.0,46.0,92.0,sensory_excites_inhibitor_inhibits_motor,gaba
720575940621502051,720575940641366517,720575940613935535,1.0,-2.0,46.0,92.0,sensory_excites_inhibitor_inhibits_motor,gaba
720575940621754367,720575940641366517,720575940613935535,5.0,-2.0,46.0,92.0,sensory_excites_inhibitor_inhibits_motor,gaba
720575940624963786,720575940641366517,720575940613935535,15.0,-2.0,46.0,92.0,sensory_excites_inhibitor_inhibits_motor,gaba
720575940630233916,720575940641366517,720575940613935535,7.0,-2.0,46.0,92.0,sensory_excites_inhibitor_inhibits_motor,gaba
720575940630797113,720575940641366517,720575940613935535,2.0,-2.0,46.0,92.0,sensory_excites_inhibitor_inhibits_motor,gaba
720575940632889389,720575940641366517,720575940613935535,2.0,-2.0,46.0,92.0,sensory_excites_inhibitor_inhibits_motor,gaba
720575940637568838,720575940641366517,720575940613935535,3.0,-2.0,46.0,92.0,sensory_excites_inhibitor_inhibits_motor,gaba
720575940638202345,720575940641366517,720575940613935535,6.0,-2.0,46.0,92.0,sensory_excites_inhibitor_inhibits_motor,gaba
720575940640649691,720575940641366517,720575940613935535,3.0,-2.0,46.0,92.0,sensory_excites_inhibitor_inhibits_motor,gaba
720575940632889389,720575940633065901,720575940636165624,2.0,-37.0,2.0,74.0,sensory_excites_inhibitor_inhibits_motor,gaba
720575940617000768,720575940616864217,720575940628997123,1.0,-16.0,4.0,64.0,sensory_excites_inhibitor_inhibits_motor,gaba
720575940640649691,720575940616864217,720575940628997123,3.0,-16.0,4.0,64.0,sensory_excites_inhibitor_inhibits_motor,gaba
720575940617000768,720575940633277209,720575940610679876,5.0,-2.0,32.0,64.0,sensory_excites_inhibitor_inhibits_motor,gaba
720575940621502051,720575940633277209,720575940610679876,2.0,-2.0,32.0,64.0,sensory_excites_inhibitor_inhibits_motor,gaba
720575940621754367,720575940633277209,720575940610679876,2.0,-2.0,32.0,64.0,sensory_excites_inhibitor_inhibits_motor,gaba
720575940624963786,720575940633277209,720575940610679876,6.0,-2.0,32.0,64.0,sensory_excites_inhibitor_inhibits_motor,gaba
720575940630233916,720575940633277209,720575940610679876,6.0,-2.0,32.0,64.0,sensory_excites_inhibitor_inhibits_motor,gaba
720575940632889389,720575940633277209,720575940610679876,2.0,-2.0,32.0,64.0,sensory_excites_inhibitor_inhibits_motor,gaba
720575940637568838,720575940633277209,720575940610679876,2.0,-2.0,32.0,64.0,sensory_excites_inhibitor_inhibits_motor,gaba
720575940638202345,720575940633277209,720575940610679876,6.0,-2.0,32.0,64.0,sensory_excites_inhibitor_inhibits_motor,gaba
720575940640649691,720575940633277209,720575940610679876,1.0,-2.0,32.0,64.0,sensory_excites_inhibitor_inhibits_motor,gaba
720575940630233916,720575940631092943,720575940633185567,1.0,-30.0,2.0,60.0,sensory_excites_inhibitor_inhibits_motor,glutamate
720575940638202345,720575940631092943,720575940633185567,1.0,-30.0,2.0,60.0,sensory_excites_inhibitor_inhibits_motor,glutamate
720575940617000768,720575940619973712,720575940612888178,15.0,-1.0,54.0,54.0,sensory_excites_inhibitor_inhibits_motor,gaba
720575940621502051,720575940619973712,720575940612888178,6.0,-1.0,54.0,54.0,sensory_excites_inhibitor_inhibits_motor,gaba
720575940621754367,720575940619973712,720575940612888178,1.0,-1.0,54.0,54.0,sensory_excites_inhibitor_inhibits_motor,gaba
720575940624963786,720575940619973712,720575940612888178,9.0,-1.0,54.0,54.0,sensory_excites_inhibitor_inhibits_motor,gaba
720575940630233916,720575940619973712,720575940612888178,4.0,-1.0,54.0,54.0,sensory_excites_inhibitor_inhibits_motor,gaba
720575940630797113,720575940619973712,720575940612888178,1.0,-1.0,54.0,54.0,sensory_excites_inhibitor_inhibits_motor,gaba
720575940632889389,720575940619973712,720575940612888178,5.0,-1.0,54.0,54.0,sensory_excites_inhibitor_inhibits_motor,gaba
720575940637568838,720575940619973712,720575940612888178,5.0,-1.0,54.0,54.0,sensory_excites_inhibitor_inhibits_motor,gaba
720575940638202345,720575940619973712,720575940612888178,2.0,-1.0,54.0,54.0,sensory_excites_inhibitor_inhibits_motor,gaba
720575940640649691,720575940619973712,720575940612888178,6.0,-1.0,54.0,54.0,sensory_excites_inhibitor_inhibits_motor,gaba
720575940617000768,720575940619973712,720575940614734754,15.0,-1.0,54.0,54.0,sensory_excites_inhibitor_inhibits_motor,gaba
720575940621502051,720575940619973712,720575940614734754,6.0,-1.0,54.0,54.0,sensory_excites_inhibitor_inhibits_motor,gaba
720575940621754367,720575940619973712,720575940614734754,1.0,-1.0,54.0,54.0,sensory_excites_inhibitor_inhibits_motor,gaba
720575940624963786,720575940619973712,720575940614734754,9.0,-1.0,54.0,54.0,sensory_excites_inhibitor_inhibits_motor,gaba
720575940630233916,720575940619973712,720575940614734754,4.0,-1.0,54.0,54.0,sensory_excites_inhibitor_inhibits_motor,gaba
720575940630797113,720575940619973712,720575940614734754,1.0,-1.0,54.0,54.0,sensory_excites_inhibitor_inhibits_motor,gaba
720575940632889389,720575940619973712,720575940614734754,5.0,-1.0,54.0,54.0,sensory_excites_inhibitor_inhibits_motor,gaba
720575940637568838,720575940619973712,720575940614734754,5.0,-1.0,54.0,54.0,sensory_excites_inhibitor_inhibits_motor,gaba
720575940638202345,720575940619973712,720575940614734754,2.0,-1.0,54.0,54.0,sensory_excites_inhibitor_inhibits_motor,gaba
720575940640649691,720575940619973712,720575940614734754,6.0,-1.0,54.0,54.0,sensory_excites_inhibitor_inhibits_motor,gaba
720575940617000768,720575940619973712,720575940623415849,15.0,-1.0,54.0,54.0,sensory_excites_inhibitor_inhibits_motor,gaba
720575940621502051,720575940619973712,720575940623415849,6.0,-1.0,54.0,54.0,sensory_excites_inhibitor_inhibits_motor,gaba
720575940621754367,720575940619973712,720575940623415849,1.0,-1.0,54.0,54.0,sensory_excites_inhibitor_inhibits_motor,gaba
720575940624963786,720575940619973712,720575940623415849,9.0,-1.0,54.0,54.0,sensory_excites_inhibitor_inhibits_motor,gaba
720575940630233916,720575940619973712,720575940623415849,4.0,-1.0,54.0,54.0,sensory_excites_inhibitor_inhibits_motor,gaba
720575940630797113,720575940619973712,720575940623415849,1.0,-1.0,54.0,54.0,sensory_excites_inhibitor_inhibits_motor,gaba
720575940632889389,720575940619973712,720575940623415849,5.0,-1.0,54.0,54.0,sensory_excites_inhibitor_inhibits_motor,gaba
720575940637568838,720575940619973712,720575940623415849,5.0,-1.0,54.0,54.0,sensory_excites_inhibitor_inhibits_motor,gaba
720575940638202345,720575940619973712,720575940623415849,2.0,-1.0,54.0,54.0,sensory_excites_inhibitor_inhibits_motor,gaba
720575940640649691,720575940619973712,720575940623415849,6.0,-1.0,54.0,54.0,sensory_excites_inhibitor_inhibits_motor,gaba
720575940621502051,720575940621771041,720575940628997123,1.0,-24.0,2.0,48.0,sensory_excites_inhibitor_inhibits_motor,gaba
720575940640649691,720575940621771041,720575940628997123,1.0,-24.0,2.0,48.0,sensory_excites_inhibitor_inhibits_motor,gaba
720575940621502051,720575940644666148,720575940636165624,1.0,-47.0,1.0,47.0,sensory_excites_inhibitor_inhibits_motor,gaba
720575940630233916,720575940631092943,720575940645527918,1.0,-23.0,2.0,46.0,sensory_excites_inhibitor_inhibits_motor,glutamate
720575940638202345,720575940631092943,720575940645527918,1.0,-23.0,2.0,46.0,sensory_excites_inhibitor_inhibits_motor,glutamate
720575940617000768,720575940616864217,720575940623390246,1.0,-10.0,4.0,40.0,sensory_excites_inhibitor_inhibits_motor,gaba
720575940640649691,720575940616864217,720575940623390246,3.0,-10.0,4.0,40.0,sensory_excites_inhibitor_inhibits_motor,gaba
720575940624963786,720575940632030008,720575940628997123,1.0,-40.0,1.0,40.0,sensory_excites_inhibitor_inhibits_motor,gaba
720575940617000768,720575940616018956,720575940630868793,2.0,-4.0,9.0,36.0,sensory_excites_inhibitor_inhibits_motor,gaba
720575940630797113,720575940616018956,720575940630868793,2.0,-4.0,9.0,36.0,sensory_excites_inhibitor_inhibits_motor,gaba
720575940638202345,720575940616018956,720575940630868793,2.0,-4.0,9.0,36.0,sensory_excites_inhibitor_inhibits_motor,gaba
720575940640649691,720575940616018956,720575940630868793,3.0,-4.0,9.0,36.0,sensory_excites_inhibitor_inhibits_motor,gaba
720575940630233916,720575940631092943,720575940636165624,1.0,-18.0,2.0,36.0,sensory_excites_inhibitor_inhibits_motor,glutamate
720575940638202345,720575940631092943,720575940636165624,1.0,-18.0,2.0,36.0,sensory_excites_inhibitor_inhibits_motor,glutamate
720575940630797113,720575940620359956,720575940628998659,1.0,-33.0,1.0,33.0,sensory_excites_inhibitor_inhibits_motor,gaba
720575940640649691,720575940621538142,720575940628997123,1.0,-33.0,1.0,33.0,sensory_excites_inhibitor_inhibits_motor,gaba
720575940624963786,720575940632030008,720575940633185567,1.0,-32.0,1.0,32.0,sensory_excites_inhibitor_inhibits_motor,gaba
720575940617000768,720575940633277209,720575940623352063,5.0,-1.0,32.0,32.0,sensory_excites_inhibitor_inhibits_motor,gaba
720575940621502051,720575940633277209,720575940623352063,2.0,-1.0,32.0,32.0,sensory_excites_inhibitor_inhibits_motor,gaba
720575940621754367,720575940633277209,720575940623352063,2.0,-1.0,32.0,32.0,sensory_excites_inhibitor_inhibits_motor,gaba
720575940624963786,720575940633277209,720575940623352063,6.0,-1.0,32.0,32.0,sensory_excites_inhibitor_inhibits_motor,gaba
720575940630233916,720575940633277209,720575940623352063,6.0,-1.0,32.0,32.0,sensory_excites_inhibitor_inhibits_motor,gaba
720575940632889389,720575940633277209,720575940623352063,2.0,-1.0,32.0,32.0,sensory_excites_inhibitor_inhibits_motor,gaba
720575940637568838,720575940633277209,720575940623352063,2.0,-1.0,32.0,32.0,sensory_excites_inhibitor_inhibits_motor,gaba
720575940638202345,720575940633277209,720575940623352063,6.0,-1.0,32.0,32.0,sensory_excites_inhibitor_inhibits_motor,gaba
720575940640649691,720575940633277209,720575940623352063,1.0,-1.0,32.0,32.0,sensory_excites_inhibitor_inhibits_motor,gaba
720575940617000768,720575940633277209,720575940629936348,5.0,-1.0,32.0,32.0,sensory_excites_inhibitor_inhibits_motor,gaba
720575940621502051,720575940633277209,720575940629936348,2.0,-1.0,32.0,32.0,sensory_excites_inhibitor_inhibits_motor,gaba
720575940621754367,720575940633277209,720575940629936348,2.0,-1.0,32.0,32.0,sensory_excites_inhibitor_inhibits_motor,gaba
720575940624963786,720575940633277209,720575940629936348,6.0,-1.0,32.0,32.0,sensory_excites_inhibitor_inhibits_motor,gaba
720575940630233916,720575940633277209,720575940629936348,6.0,-1.0,32.0,32.0,sensory_excites_inhibitor_inhibits_motor,gaba
720575940632889389,720575940633277209,720575940629936348,2.0,-1.0,32.0,32.0,sensory_excites_inhibitor_inhibits_motor,gaba
720575940637568838,720575940633277209,720575940629936348,2.0,-1.0,32.0,32.0,sensory_excites_inhibitor_inhibits_motor,gaba
720575940638202345,720575940633277209,720575940629936348,6.0,-1.0,32.0,32.0,sensory_excites_inhibitor_inhibits_motor,gaba
720575940640649691,720575940633277209,720575940629936348,1.0,-1.0,32.0,32.0,sensory_excites_inhibitor_inhibits_motor,gaba
720575940617000768,720575940633277209,720575940632281927,5.0,-1.0,32.0,32.0,sensory_excites_inhibitor_inhibits_motor,gaba
720575940621502051,720575940633277209,720575940632281927,2.0,-1.0,32.0,32.0,sensory_excites_inhibitor_inhibits_motor,gaba
720575940621754367,720575940633277209,720575940632281927,2.0,-1.0,32.0,32.0,sensory_excites_inhibitor_inhibits_motor,gaba
720575940624963786,720575940633277209,720575940632281927,6.0,-1.0,32.0,32.0,sensory_excites_inhibitor_inhibits_motor,gaba
720575940630233916,720575940633277209,720575940632281927,6.0,-1.0,32.0,32.0,sensory_excites_inhibitor_inhibits_motor,gaba
720575940632889389,720575940633277209,720575940632281927,2.0,-1.0,32.0,32.0,sensory_excites_inhibitor_inhibits_motor,gaba
720575940637568838,720575940633277209,720575940632281927,2.0,-1.0,32.0,32.0,sensory_excites_inhibitor_inhibits_motor,gaba
720575940638202345,720575940633277209,720575940632281927,6.0,-1.0,32.0,32.0,sensory_excites_inhibitor_inhibits_motor,gaba
720575940640649691,720575940633277209,720575940632281927,1.0,-1.0,32.0,32.0,sensory_excites_inhibitor_inhibits_motor,gaba
720575940624963786,720575940632030008,720575940621586854,1.0,-29.0,1.0,29.0,sensory_excites_inhibitor_inhibits_motor,gaba
720575940617000768,720575940616864217,720575940660219265,1.0,-7.0,4.0,28.0,sensory_excites_inhibitor_inhibits_motor,gaba
720575940640649691,720575940616864217,720575940660219265,3.0,-7.0,4.0,28.0,sensory_excites_inhibitor_inhibits_motor,gaba
720575940621754367,720575940622235425,720575940610679876,1.0,-14.0,2.0,28.0,sensory_excites_inhibitor_inhibits_motor,gaba
720575940640649691,720575940622235425,720575940610679876,1.0,-14.0,2.0,28.0,sensory_excites_inhibitor_inhibits_motor,gaba
720575940640649691,720575940621538142,720575940612888178,1.0,-25.0,1.0,25.0,sensory_excites_inhibitor_inhibits_motor,gaba
720575940640649691,720575940621538142,720575940627410451,1.0,-25.0,1.0,25.0,sensory_excites_inhibitor_inhibits_motor,gaba
720575940617000768,720575940616864217,720575940629936348,1.0,-6.0,4.0,24.0,sensory_excites_inhibitor_inhibits_motor,gaba
720575940640649691,720575940616864217,720575940629936348,3.0,-6.0,4.0,24.0,sensory_excites_inhibitor_inhibits_motor,gaba
720575940617000768,720575940630664556,720575940624554170,4.0,-1.0,24.0,24.0,sensory_excites_inhibitor_inhibits_motor,gaba
720575940624963786,720575940630664556,720575940624554170,5.0,-1.0,24.0,24.0,sensory_excites_inhibitor_inhibits_motor,gaba
720575940630233916,720575940630664556,720575940624554170,8.0,-1.0,24.0,24.0,sensory_excites_inhibitor_inhibits_motor,gaba
720575940637568838,720575940630664556,720575940624554170,2.0,-1.0,24.0,24.0,sensory_excites_inhibitor_inhibits_motor,gaba
720575940638202345,720575940630664556,720575940624554170,5.0,-1.0,24.0,24.0,sensory_excites_inhibitor_inhibits_motor,gaba
720575940621502051,720575940625047484,720575940629810748,1.0,-2.0,11.0,22.0,sensory_excites_inhibitor_inhibits_motor,gaba
720575940630233916,720575940625047484,720575940629810748,5.0,-2.0,11.0,22.0,sensory_excites_inhibitor_inhibits_motor,gaba
720575940632889389,720575940625047484,720575940629810748,2.0,-2.0,11.0,22.0,sensory_excites_inhibitor_inhibits_motor,gaba
720575940637568838,720575940625047484,720575940629810748,2.0,-2.0,11.0,22.0,sensory_excites_inhibitor_inhibits_motor,gaba
720575940638202345,720575940625047484,720575940629810748,1.0,-2.0,11.0,22.0,sensory_excites_inhibitor_inhibits_motor,gaba
720575940617000768,720575940616864217,720575940630233404,1.0,-5.0,4.0,20.0,sensory_excites_inhibitor_inhibits_motor,gaba
720575940640649691,720575940616864217,720575940630233404,3.0,-5.0,4.0,20.0,sensory_excites_inhibitor_inhibits_motor,gaba
720575940640649691,720575940621538142,720575940645528430,1.0,-20.0,1.0,20.0,sensory_excites_inhibitor_inhibits_motor,gaba
720575940617000768,720575940616864217,720575940621586854,1.0,-4.0,4.0,16.0,sensory_excites_inhibitor_inhibits_motor,gaba
720575940640649691,720575940616864217,720575940621586854,3.0,-4.0,4.0,16.0,sensory_excites_inhibitor_inhibits_motor,gaba
720575940621502051,720575940621771041,720575940628826128,1.0,-8.0,2.0,16.0,sensory_excites_inhibitor_inhibits_motor,gaba
720575940640649691,720575940621771041,720575940628826128,1.0,-8.0,2.0,16.0,sensory_excites_inhibitor_inhibits_motor,gaba
720575940621754367,720575940625861660,720575940610679876,1.0,-14.0,1.0,14.0,sensory_excites_inhibitor_inhibits_motor,gaba
720575940630233916,720575940629470838,720575940640681680,1.0,-7.0,2.0,14.0,sensory_excites_inhibitor_inhibits_motor,glutamate
720575940630797113,720575940629470838,720575940640681680,1.0,-7.0,2.0,14.0,sensory_excites_inhibitor_inhibits_motor,glutamate
720575940630233916,720575940631092943,720575940621586854,1.0,-7.0,2.0,14.0,sensory_excites_inhibitor_inhibits_motor,glutamate
720575940638202345,720575940631092943,720575940621586854,1.0,-7.0,2.0,14.0,sensory_excites_inhibitor_inhibits_motor,glutamate
720575940617000768,720575940616864217,720575940633185567,1.0,-3.0,4.0,12.0,sensory_excites_inhibitor_inhibits_motor,gaba
720575940640649691,720575940616864217,720575940633185567,3.0,-3.0,4.0,12.0,sensory_excites_inhibitor_inhibits_motor,gaba
720575940630233916,720575940629470838,720575940620008112,1.0,-6.0,2.0,12.0,sensory_excites_inhibitor_inhibits_motor,glutamate
720575940630797113,720575940629470838,720575940620008112,1.0,-6.0,2.0,12.0,sensory_excites_inhibitor_inhibits_motor,glutamate
720575940630797113,720575940630159616,720575940624967612,1.0,-2.0,6.0,12.0,sensory_excites_inhibitor_inhibits_motor,gaba
720575940632889389,720575940630159616,720575940624967612,2.0,-2.0,6.0,12.0,sensory_excites_inhibitor_inhibits_motor,gaba
720575940637568838,720575940630159616,720575940624967612,2.0,-2.0,6.0,12.0,sensory_excites_inhibitor_inhibits_motor,gaba
720575940638202345,720575940630159616,720575940624967612,1.0,-2.0,6.0,12.0,sensory_excites_inhibitor_inhibits_motor,gaba
720575940640649691,720575940621538142,720575940623993015,1.0,-11.0,1.0,11.0,sensory_excites_inhibitor_inhibits_motor,gaba
720575940640649691,720575940621538142,720575940628998659,1.0,-11.0,1.0,11.0,sensory_excites_inhibitor_inhibits_motor,gaba
720575940630233916,720575940620031366,720575940627410451,1.0,-5.0,2.0,10.0,sensory_excites_inhibitor_inhibits_motor,glutamate
720575940630797113,720575940620031366,720575940627410451,1.0,-5.0,2.0,10.0,sensory_excites_inhibitor_inhibits_motor,glutamate
720575940640649691,720575940621538142,720575940633185567,1.0,-10.0,1.0,10.0,sensory_excites_inhibitor_inhibits_motor,gaba
720575940640649691,720575940629564688,720575940610679876,1.0,-10.0,1.0,10.0,sensory_excites_inhibitor_inhibits_motor,gaba
720575940617000768,720575940616018956,720575940613935535,2.0,-1.0,9.0,9.0,sensory_excites_inhibitor_inhibits_motor,gaba
720575940630797113,720575940616018956,720575940613935535,2.0,-1.0,9.0,9.0,sensory_excites_inhibitor_inhibits_motor,gaba
720575940638202345,720575940616018956,720575940613935535,2.0,-1.0,9.0,9.0,sensory_excites_inhibitor_inhibits_motor,gaba
720575940640649691,720575940616018956,720575940613935535,3.0,-1.0,9.0,9.0,sensory_excites_inhibitor_inhibits_motor,gaba
720575940617000768,720575940616018956,720575940618165019,2.0,-1.0,9.0,9.0,sensory_excites_inhibitor_inhibits_motor,gaba
720575940630797113,720575940616018956,720575940618165019,2.0,-1.0,9.0,9.0,sensory_excites_inhibitor_inhibits_motor,gaba
720575940638202345,720575940616018956,720575940618165019,2.0,-1.0,9.0,9.0,sensory_excites_inhibitor_inhibits_motor,gaba
720575940640649691,720575940616018956,720575940618165019,3.0,-1.0,9.0,9.0,sensory_excites_inhibitor_inhibits_motor,gaba
720575940617000768,720575940616018956,720575940628998659,2.0,-1.0,9.0,9.0,sensory_excites_inhibitor_inhibits_motor,gaba
720575940630797113,720575940616018956,720575940628998659,2.0,-1.0,9.0,9.0,sensory_excites_inhibitor_inhibits_motor,gaba
720575940638202345,720575940616018956,720575940628998659,2.0,-1.0,9.0,9.0,sensory_excites_inhibitor_inhibits_motor,gaba
720575940640649691,720575940616018956,720575940628998659,3.0,-1.0,9.0,9.0,sensory_excites_inhibitor_inhibits_motor,gaba
720575940617000768,720575940616018956,720575940630233404,2.0,-1.0,9.0,9.0,sensory_excites_inhibitor_inhibits_motor,gaba
720575940630797113,720575940616018956,720575940630233404,2.0,-1.0,9.0,9.0,sensory_excites_inhibitor_inhibits_motor,gaba
720575940638202345,720575940616018956,720575940630233404,2.0,-1.0,9.0,9.0,sensory_excites_inhibitor_inhibits_motor,gaba
720575940640649691,720575940616018956,720575940630233404,3.0,-1.0,9.0,9.0,sensory_excites_inhibitor_inhibits_motor,gaba
720575940617000768,720575940616018956,720575940632281927,2.0,-1.0,9.0,9.0,sensory_excites_inhibitor_inhibits_motor,gaba
720575940630797113,720575940616018956,720575940632281927,2.0,-1.0,9.0,9.0,sensory_excites_inhibitor_inhibits_motor,gaba
720575940638202345,720575940616018956,720575940632281927,2.0,-1.0,9.0,9.0,sensory_excites_inhibitor_inhibits_motor,gaba
720575940640649691,720575940616018956,720575940632281927,3.0,-1.0,9.0,9.0,sensory_excites_inhibitor_inhibits_motor,gaba
720575940617000768,720575940616018956,720575940633185567,2.0,-1.0,9.0,9.0,sensory_excites_inhibitor_inhibits_motor,gaba
720575940630797113,720575940616018956,720575940633185567,2.0,-1.0,9.0,9.0,sensory_excites_inhibitor_inhibits_motor,gaba
720575940638202345,720575940616018956,720575940633185567,2.0,-1.0,9.0,9.0,sensory_excites_inhibitor_inhibits_motor,gaba
720575940640649691,720575940616018956,720575940633185567,3.0,-1.0,9.0,9.0,sensory_excites_inhibitor_inhibits_motor,gaba
720575940640649691,720575940629564688,720575940625612474,1.0,-9.0,1.0,9.0,sensory_excites_inhibitor_inhibits_motor,gaba
720575940617000768,720575940616864217,720575940637662697,1.0,-2.0,4.0,8.0,sensory_excites_inhibitor_inhibits_motor,gaba
720575940640649691,720575940616864217,720575940637662697,3.0,-2.0,4.0,8.0,sensory_excites_inhibitor_inhibits_motor,gaba
720575940640649691,720575940621538142,720575940618600246,1.0,-8.0,1.0,8.0,sensory_excites_inhibitor_inhibits_motor,gaba
720575940621502051,720575940621771041,720575940627410451,1.0,-4.0,2.0,8.0,sensory_excites_inhibitor_inhibits_motor,gaba
720575940640649691,720575940621771041,720575940627410451,1.0,-4.0,2.0,8.0,sensory_excites_inhibitor_inhibits_motor,gaba
720575940621502051,720575940621771041,720575940629810748,1.0,-4.0,2.0,8.0,sensory_excites_inhibitor_inhibits_motor,gaba
720575940640649691,720575940621771041,720575940629810748,1.0,-4.0,2.0,8.0,sensory_excites_inhibitor_inhibits_motor,gaba
720575940621754367,720575940622235425,720575940623415849,1.0,-4.0,2.0,8.0,sensory_excites_inhibitor_inhibits_motor,gaba
720575940640649691,720575940622235425,720575940623415849,1.0,-4.0,2.0,8.0,sensory_excites_inhibitor_inhibits_motor,gaba
720575940630797113,720575940620359956,720575940610679876,1.0,-7.0,1.0,7.0,sensory_excites_inhibitor_inhibits_motor,gaba
720575940630233916,720575940620031366,720575940614734754,1.0,-3.0,2.0,6.0,sensory_excites_inhibitor_inhibits_motor,glutamate
720575940630797113,720575940620031366,720575940614734754,1.0,-3.0,2.0,6.0,sensory_excites_inhibitor_inhibits_motor,glutamate
720575940621502051,720575940621771041,720575940629561347,1.0,-3.0,2.0,6.0,sensory_excites_inhibitor_inhibits_motor,gaba
720575940640649691,720575940621771041,720575940629561347,1.0,-3.0,2.0,6.0,sensory_excites_inhibitor_inhibits_motor,gaba
720575940621754367,720575940622235425,720575940628826128,1.0,-3.0,2.0,6.0,sensory_excites_inhibitor_inhibits_motor,gaba
720575940640649691,720575940622235425,720575940628826128,1.0,-3.0,2.0,6.0,sensory_excites_inhibitor_inhibits_motor,gaba
720575940630233916,720575940629470838,720575940625799513,1.0,-3.0,2.0,6.0,sensory_excites_inhibitor_inhibits_motor,glutamate
720575940630797113,720575940629470838,720575940625799513,1.0,-3.0,2.0,6.0,sensory_excites_inhibitor_inhibits_motor,glutamate
720575940630797113,720575940630159616,720575940620025620,1.0,-1.0,6.0,6.0,sensory_excites_inhibitor_inhibits_motor,gaba
720575940632889389,720575940630159616,720575940620025620,2.0,-1.0,6.0,6.0,sensory_excites_inhibitor_inhibits_motor,gaba
720575940637568838,720575940630159616,720575940620025620,2.0,-1.0,6.0,6.0,sensory_excites_inhibitor_inhibits_motor,gaba
720575940638202345,720575940630159616,720575940620025620,1.0,-1.0,6.0,6.0,sensory_excites_inhibitor_inhibits_motor,gaba
720575940630797113,720575940630159616,720575940630233404,1.0,-1.0,6.0,6.0,sensory_excites_inhibitor_inhibits_motor,gaba
720575940632889389,720575940630159616,720575940630233404,2.0,-1.0,6.0,6.0,sensory_excites_inhibitor_inhibits_motor,gaba
720575940637568838,720575940630159616,720575940630233404,2.0,-1.0,6.0,6.0,sensory_excites_inhibitor_inhibits_motor,gaba
720575940638202345,720575940630159616,720575940630233404,1.0,-1.0,6.0,6.0,sensory_excites_inhibitor_inhibits_motor,gaba
720575940630797113,720575940630159616,720575940632281927,1.0,-1.0,6.0,6.0,sensory_excites_inhibitor_inhibits_motor,gaba
720575940632889389,720575940630159616,720575940632281927,2.0,-1.0,6.0,6.0,sensory_excites_inhibitor_inhibits_motor,gaba
720575940637568838,720575940630159616,720575940632281927,2.0,-1.0,6.0,6.0,sensory_excites_inhibitor_inhibits_motor,gaba
720575940638202345,720575940630159616,720575940632281927,1.0,-1.0,6.0,6.0,sensory_excites_inhibitor_inhibits_motor,gaba
720575940630233916,720575940631092943,720575940630233404,1.0,-3.0,2.0,6.0,sensory_excites_inhibitor_inhibits_motor,glutamate
720575940638202345,720575940631092943,720575940630233404,1.0,-3.0,2.0,6.0,sensory_excites_inhibitor_inhibits_motor,glutamate
720575940640649691,720575940621538142,720575940623352063,1.0,-5.0,1.0,5.0,sensory_excites_inhibitor_inhibits_motor,gaba
720575940640649691,720575940621538142,720575940628826128,1.0,-5.0,1.0,5.0,sensory_excites_inhibitor_inhibits_motor,gaba
720575940624963786,720575940632030008,720575940629810748,1.0,-5.0,1.0,5.0,sensory_excites_inhibitor_inhibits_motor,gaba
720575940617000768,720575940616864217,720575940636165624,1.0,-1.0,4.0,4.0,sensory_excites_inhibitor_inhibits_motor,gaba
720575940640649691,720575940616864217,720575940636165624,3.0,-1.0,4.0,4.0,sensory_excites_inhibitor_inhibits_motor,gaba
720575940640649691,720575940621538142,720575940621586854,1.0,-4.0,1.0,4.0,sensory_excites_inhibitor_inhibits_motor,gaba
720575940621502051,720575940621771041,720575940607193986,1.0,-2.0,2.0,4.0,sensory_excites_inhibitor_inhibits_motor,gaba
720575940640649691,720575940621771041,720575940607193986,1.0,-2.0,2.0,4.0,sensory_excites_inhibitor_inhibits_motor,gaba
720575940621502051,720575940621771041,720575940618600246,1.0,-2.0,2.0,4.0,sensory_excites_inhibitor_inhibits_motor,gaba
720575940640649691,720575940621771041,720575940618600246,1.0,-2.0,2.0,4.0,sensory_excites_inhibitor_inhibits_motor,gaba
720575940621754367,720575940622235425,720575940629936348,1.0,-2.0,2.0,4.0,sensory_excites_inhibitor_inhibits_motor,gaba
720575940640649691,720575940622235425,720575940629936348,1.0,-2.0,2.0,4.0,sensory_excites_inhibitor_inhibits_motor,gaba
720575940640649691,720575940629564688,720575940630865724,1.0,-4.0,1.0,4.0,sensory_excites_inhibitor_inhibits_motor,gaba
720575940630233916,720575940631092943,720575940618165019,1.0,-2.0,2.0,4.0,sensory_excites_inhibitor_inhibits_motor,glutamate
720575940638202345,720575940631092943,720575940618165019,1.0,-2.0,2.0,4.0,sensory_excites_inhibitor_inhibits_motor,glutamate
720575940630233916,720575940631092943,720575940622810153,1.0,-2.0,2.0,4.0,sensory_excites_inhibitor_inhibits_motor,glutamate
720575940638202345,720575940631092943,720575940622810153,1.0,-2.0,2.0,4.0,sensory_excites_inhibitor_inhibits_motor,glutamate
720575940621502051,720575940644666148,720575940624967612,1.0,-4.0,1.0,4.0,sensory_excites_inhibitor_inhibits_motor,gaba
720575940630233916,720575940609939780,720575940628998659,1.0,-3.0,1.0,3.0,sensory_excites_inhibitor_inhibits_motor,gaba
720575940638202345,720575940611549902,720575940630233404,1.0,-3.0,1.0,3.0,sensory_excites_inhibitor_inhibits_motor,gaba
720575940630797113,720575940620359956,720575940626939737,1.0,-3.0,1.0,3.0,sensory_excites_inhibitor_inhibits_motor,gaba
720575940640649691,720575940621538142,720575940614386070,1.0,-3.0,1.0,3.0,sensory_excites_inhibitor_inhibits_motor,gaba
720575940624963786,720575940623008659,720575940629561347,1.0,-1.0,3.0,3.0,sensory_excites_inhibitor_inhibits_motor,gaba
720575940630233916,720575940623008659,720575940629561347,1.0,-1.0,3.0,3.0,sensory_excites_inhibitor_inhibits_motor,gaba
720575940632889389,720575940623008659,720575940629561347,1.0,-1.0,3.0,3.0,sensory_excites_inhibitor_inhibits_motor,gaba
720575940624963786,720575940623008659,720575940629810748,1.0,-1.0,3.0,3.0,sensory_excites_inhibitor_inhibits_motor,gaba
720575940630233916,720575940623008659,720575940629810748,1.0,-1.0,3.0,3.0,sensory_excites_inhibitor_inhibits_motor,gaba
720575940632889389,720575940623008659,720575940629810748,1.0,-1.0,3.0,3.0,sensory_excites_inhibitor_inhibits_motor,gaba
720575940621754367,720575940625861660,720575940613935535,1.0,-3.0,1.0,3.0,sensory_excites_inhibitor_inhibits_motor,gaba
720575940621754367,720575940625861660,720575940614734754,1.0,-3.0,1.0,3.0,sensory_excites_inhibitor_inhibits_motor,gaba
720575940640649691,720575940629564688,720575940613935535,1.0,-3.0,1.0,3.0,sensory_excites_inhibitor_inhibits_motor,gaba
720575940624963786,720575940632030008,720575940627410451,1.0,-3.0,1.0,3.0,sensory_excites_inhibitor_inhibits_motor,gaba
720575940630233916,720575940620031366,720575940628998659,1.0,-1.0,2.0,2.0,sensory_excites_inhibitor_inhibits_motor,glutamate
720575940630797113,720575940620031366,720575940628998659,1.0,-1.0,2.0,2.0,sensory_excites_inhibitor_inhibits_motor,glutamate
720575940640649691,720575940621538142,720575940614734754,1.0,-2.0,1.0,2.0,sensory_excites_inhibitor_inhibits_motor,gaba
720575940640649691,720575940621538142,720575940623390246,1.0,-2.0,1.0,2.0,sensory_excites_inhibitor_inhibits_motor,gaba
720575940640649691,720575940621538142,720575940630580854,1.0,-2.0,1.0,2.0,sensory_excites_inhibitor_inhibits_motor,gaba
720575940621502051,720575940621771041,720575940614386070,1.0,-1.0,2.0,2.0,sensory_excites_inhibitor_inhibits_motor,gaba
720575940640649691,720575940621771041,720575940614386070,1.0,-1.0,2.0,2.0,sensory_excites_inhibitor_inhibits_motor,gaba
720575940621502051,720575940621771041,720575940630865724,1.0,-1.0,2.0,2.0,sensory_excites_inhibitor_inhibits_motor,gaba
720575940640649691,720575940621771041,720575940630865724,1.0,-1.0,2.0,2.0,sensory_excites_inhibitor_inhibits_motor,gaba
720575940621754367,720575940622235425,720575940614386070,1.0,-1.0,2.0,2.0,sensory_excites_inhibitor_inhibits_motor,gaba
720575940640649691,720575940622235425,720575940614386070,1.0,-1.0,2.0,2.0,sensory_excites_inhibitor_inhibits_motor,gaba
720575940621754367,720575940622235425,720575940623352063,1.0,-1.0,2.0,2.0,sensory_excites_inhibitor_inhibits_motor,gaba
720575940640649691,720575940622235425,720575940623352063,1.0,-1.0,2.0,2.0,sensory_excites_inhibitor_inhibits_motor,gaba
720575940621754367,720575940622235425,720575940623390246,1.0,-1.0,2.0,2.0,sensory_excites_inhibitor_inhibits_motor,gaba
720575940640649691,720575940622235425,720575940623390246,1.0,-1.0,2.0,2.0,sensory_excites_inhibitor_inhibits_motor,gaba
720575940621754367,720575940622235425,720575940628998659,1.0,-1.0,2.0,2.0,sensory_excites_inhibitor_inhibits_motor,gaba
720575940640649691,720575940622235425,720575940628998659,1.0,-1.0,2.0,2.0,sensory_excites_inhibitor_inhibits_motor,gaba
720575940621754367,720575940622235425,720575940633185567,1.0,-1.0,2.0,2.0,sensory_excites_inhibitor_inhibits_motor,gaba
720575940640649691,720575940622235425,720575940633185567,1.0,-1.0,2.0,2.0,sensory_excites_inhibitor_inhibits_motor,gaba
720575940621754367,720575940625861660,720575940618600246,1.0,-2.0,1.0,2.0,sensory_excites_inhibitor_inhibits_motor,gaba
720575940621754367,720575940625861660,720575940623390246,1.0,-2.0,1.0,2.0,sensory_excites_inhibitor_inhibits_motor,gaba
720575940630233916,720575940629470838,720575940621169690,1.0,-1.0,2.0,2.0,sensory_excites_inhibitor_inhibits_motor,glutamate
720575940630797113,720575940629470838,720575940621169690,1.0,-1.0,2.0,2.0,sensory_excites_inhibitor_inhibits_motor,glutamate
720575940630233916,720575940629470838,720575940623390246,1.0,-1.0,2.0,2.0,sensory_excites_inhibitor_inhibits_motor,glutamate
720575940630797113,720575940629470838,720575940623390246,1.0,-1.0,2.0,2.0,sensory_excites_inhibitor_inhibits_motor,glutamate
720575940630233916,720575940629470838,720575940626939737,1.0,-1.0,2.0,2.0,sensory_excites_inhibitor_inhibits_motor,glutamate
720575940630797113,720575940629470838,720575940626939737,1.0,-1.0,2.0,2.0,sensory_excites_inhibitor_inhibits_motor,glutamate
720575940640649691,720575940629564688,720575940628997123,1.0,-2.0,1.0,2.0,sensory_excites_inhibitor_inhibits_motor,gaba
720575940630233916,720575940631092943,720575940629778554,1.0,-1.0,2.0,2.0,sensory_excites_inhibitor_inhibits_motor,glutamate
720575940638202345,720575940631092943,720575940629778554,1.0,-1.0,2.0,2.0,sensory_excites_inhibitor_inhibits_motor,glutamate
720575940624963786,720575940632030008,720575940607193986,1.0,-2.0,1.0,2.0,sensory_excites_inhibitor_inhibits_motor,gaba
720575940632889389,720575940633065901,720575940622810153,2.0,-1.0,2.0,2.0,sensory_excites_inhibitor_inhibits_motor,gaba
720575940632889389,720575940633065901,720575940645527918,2.0,-1.0,2.0,2.0,sensory_excites_inhibitor_inhibits_motor,gaba
720575940638202345,720575940611549902,720575940632304711,1.0,-1.0,1.0,1.0,sensory_excites_inhibitor_inhibits_motor,gaba
720575940638202345,720575940611549902,720575940636165624,1.0,-1.0,1.0,1.0,sensory_excites_inhibitor_inhibits_motor,gaba
720575940630797113,720575940620359956,720575940614734754,1.0,-1.0,1.0,1.0,sensory_excites_inhibitor_inhibits_motor,gaba
720575940630797113,720575940620359956,720575940623415849,1.0,-1.0,1.0,1.0,sensory_excites_inhibitor_inhibits_motor,gaba
720575940630797113,720575940620359956,720575940627410451,1.0,-1.0,1.0,1.0,sensory_excites_inhibitor_inhibits_motor,gaba
720575940630797113,720575940620359956,720575940630233404,1.0,-1.0,1.0,1.0,sensory_excites_inhibitor_inhibits_motor,gaba
720575940630797113,720575940620359956,720575940630580854,1.0,-1.0,1.0,1.0,sensory_excites_inhibitor_inhibits_motor,gaba
720575940640649691,720575940621538142,720575940617403622,1.0,-1.0,1.0,1.0,sensory_excites_inhibitor_inhibits_motor,gaba
720575940640649691,720575940621538142,720575940626939737,1.0,-1.0,1.0,1.0,sensory_excites_inhibitor_inhibits_motor,gaba
720575940621754367,720575940625861660,720575940628826128,1.0,-1.0,1.0,1.0,sensory_excites_inhibitor_inhibits_motor,gaba
720575940621754367,720575940625861660,720575940628998659,1.0,-1.0,1.0,1.0,sensory_excites_inhibitor_inhibits_motor,gaba
720575940640649691,720575940629564688,720575940626939737,1.0,-1.0,1.0,1.0,sensory_excites_inhibitor_inhibits_motor,gaba
720575940640649691,720575940629564688,720575940629810748,1.0,-1.0,1.0,1.0,sensory_excites_inhibitor_inhibits_motor,gaba
720575940640649691,720575940629564688,720575940630233404,1.0,-1.0,1.0,1.0,sensory_excites_inhibitor_inhibits_motor,gaba
720575940640649691,720575940629564688,720575940660219265,1.0,-1.0,1.0,1.0,sensory_excites_inhibitor_inhibits_motor,gaba
720575940624963786,720575940632030008,720575940614734754,1.0,-1.0,1.0,1.0,sensory_excites_inhibitor_inhibits_motor,gaba
720575940624963786,720575940632030008,720575940628826128,1.0,-1.0,1.0,1.0,sensory_excites_inhibitor_inhibits_motor,gaba
720575940624963786,720575940632030008,720575940629936348,1.0,-1.0,1.0,1.0,sensory_excites_inhibitor_inhibits_motor,gaba
720575940624963786,720575940632030008,720575940630580854,1.0,-1.0,1.0,1.0,sensory_excites_inhibitor_inhibits_motor,gaba
720575940624963786,720575940632030008,720575940660219265,1.0,-1.0,1.0,1.0,sensory_excites_inhibitor_inhibits_motor,gaba
720575940621502051,720575940644666148,720575940632304711,1.0,-1.0,1.0,1.0,sensory_excites_inhibitor_inhibits_motor,gaba
720575940621502051,720575940644666148,720575940645527918,1.0,-1.0,1.0,1.0,sensory_excites_inhibitor_inhibits_motor,gaba
