condition,root_id,mean_absolute_step_difference_hz,fraction_of_total,in_selected_group,cell_class,cell_type,top_nt
mode,720575940630868793,8.9,0.0129649412450228,True,brain_motor_neuron,CB0700,glutamate
mode,720575940618165019,8.666666666666666,0.0126250364183742,True,brain_motor_neuron,CB0700,acetylcholine
mode,720575940625874992,7.033333333333333,0.0102457026318345,False,,CB0910,acetylcholine
mode,720575940629778554,6.5,0.0094687773137807,False,brain_motor_neuron,MNx01,glutamate
mode,720575940625045180,6.233333333333333,0.0090803146547538,False,,CB0910,acetylcholine
mode,720575940632118156,5.966666666666667,0.0086918519957269,False,,CB4055,acetylcholine
mode,720575940625875504,5.866666666666666,0.0085461784985918,False,,,glutamate
mode,720575940634645600,5.8,0.008449062833835,False,,CB4055,acetylcholine
mode,720575940643867296,5.766666666666667,0.0084005050014567,True,,CB4058,gaba
mode,720575940610054980,5.433333333333334,0.0079149266776731,False,,CB0724,gaba
mode,720575940628598121,5.4,0.0078663688452947,False,,CB4055,acetylcholine
mode,720575940619048827,5.266666666666667,0.0076721375157812,False,,,
mode,720575940630683385,5.2,0.0075750218510245,False,,CB0801,gaba
mode,720575940611548878,5.166666666666667,0.0075264640186462,False,,CB0801,gaba
mode,720575940622810153,5.066666666666666,0.0073807905215111,False,brain_motor_neuron,MN10,acetylcholine
mode,720575940638181092,4.9,0.0071380013596193,False,,,
mode,720575940621586854,4.733333333333333,0.0068952121977274,True,brain_motor_neuron,CB0762,acetylcholine
mode,720575940633185567,4.633333333333334,0.0067495387005924,True,brain_motor_neuron,CB0762,acetylcholine
mode,720575940618472261,4.333333333333333,0.0063125182091871,False,,CB0707,acetylcholine
mode,720575940615671106,4.166666666666667,0.0060697290472953,True,,DNge059,acetylcholine
motor_003,720575940618165019,9.6,0.0124562086414947,True,brain_motor_neuron,CB0700,acetylcholine
motor_003,720575940630868793,9.533333333333331,0.0123697071925954,True,brain_motor_neuron,CB0700,glutamate
motor_003,720575940625874992,6.766666666666667,0.0087798970632758,False,,CB0910,acetylcholine
motor_003,720575940629778554,6.566666666666666,0.008520392716578,False,brain_motor_neuron,MNx01,glutamate
motor_003,720575940625045180,6.2,0.008044634747632,False,,CB0910,acetylcholine
motor_003,720575940632118156,5.6,0.0072661217075386,False,,CB4055,acetylcholine
motor_003,720575940628598121,5.433333333333334,0.0070498680852904,False,,CB4055,acetylcholine
motor_003,720575940625875504,5.266666666666667,0.0068336144630422,False,,,glutamate
motor_003,720575940619048827,5.233333333333333,0.0067903637385926,False,,,
motor_003,720575940611548878,5.2,0.0067471130141429,False,,CB0801,gaba
motor_003,720575940638181092,5.1,0.006617360840794,False,,,
motor_003,720575940634645600,4.833333333333333,0.006271355045197,False,,CB4055,acetylcholine
motor_003,720575940622810153,4.8,0.0062281043207473,False,brain_motor_neuron,MN10,acetylcholine
motor_003,720575940610054980,4.766666666666667,0.0061848535962977,False,,CB0724,gaba
motor_003,720575940621586854,4.733333333333333,0.0061416028718481,True,brain_motor_neuron,CB0762,acetylcholine
motor_003,720575940618472261,4.7,0.0060983521473984,False,,CB0707,acetylcholine
motor_003,720575940630683385,4.633333333333334,0.0060118506984992,False,,CB0801,gaba
motor_003,720575940643867296,4.6,0.0059685999740495,True,,CB4058,gaba
motor_003,720575940660219265,4.6,0.0059685999740495,True,brain_motor_neuron,CB0701,acetylcholine
motor_003,720575940645521262,4.333333333333333,0.0056225941784524,True,,,
motor_004,720575940618165019,10.533333333333331,0.0126389888808895,True,brain_motor_neuron,CB0700,acetylcholine
motor_004,720575940630868793,10.2,0.0122390208783297,True,brain_motor_neuron,CB0700,glutamate
motor_004,720575940625874992,7.733333333333333,0.0092792576593872,False,,CB0910,acetylcholine
motor_004,720575940629778554,7.566666666666666,0.0090792736581073,False,brain_motor_neuron,MNx01,glutamate
motor_004,720575940625045180,7.533333333333333,0.0090392768578513,False,,CB0910,acetylcholine
motor_004,720575940632118156,5.733333333333333,0.0068794496440284,False,,CB4055,acetylcholine
motor_004,720575940611548878,5.7,0.0068394528437724,False,,CB0801,gaba
motor_004,720575940628598121,5.7,0.0068394528437724,False,,CB4055,acetylcholine
motor_004,720575940631959097,5.466666666666667,0.0065594752419806,False,,DNge042,acetylcholine
motor_004,720575940610054980,5.433333333333334,0.0065194784417246,False,,CB0724,gaba
motor_004,720575940619048827,5.433333333333334,0.0065194784417246,False,,,
motor_004,720575940615671106,5.333333333333333,0.0063994880409567,True,,DNge059,acetylcholine
motor_004,720575940638181092,5.3,0.0063594912407007,False,,,
motor_004,720575940625875504,5.266666666666667,0.0063194944404447,False,,,glutamate
motor_004,720575940634645600,5.2,0.0062395008399328,False,,CB4055,acetylcholine
motor_004,720575940618472261,4.966666666666667,0.0059595232381409,False,,CB0707,acetylcholine
motor_004,720575940620335269,4.933333333333334,0.0059195264378849,False,,CB0724,gaba
motor_004,720575940660219265,4.9,0.0058795296376289,True,brain_motor_neuron,CB0701,acetylcholine
motor_004,720575940619877396,4.833333333333333,0.005799536037117,True,,DNge059,acetylcholine
motor_004,720575940622810153,4.8,0.005759539236861,False,brain_motor_neuron,MN10,acetylcholine
motor_005,720575940618165019,9.533333333333331,0.0129799400925841,True,brain_motor_neuron,CB0700,acetylcholine
motor_005,720575940630868793,8.766666666666667,0.0119360987564672,True,brain_motor_neuron,CB0700,glutamate
motor_005,720575940629778554,6.833333333333333,0.0093038032132159,False,brain_motor_neuron,MNx01,glutamate
motor_005,720575940625045180,6.7,0.0091222655895434,False,,CB0910,acetylcholine
motor_005,720575940625874992,6.633333333333334,0.0090314967777071,False,,CB0910,acetylcholine
motor_005,720575940632118156,5.866666666666666,0.0079876554415902,False,,CB4055,acetylcholine
motor_005,720575940611548878,5.3,0.0072161205409821,False,,CB0801,gaba
motor_005,720575940625875504,5.266666666666667,0.0071707361350639,False,,,glutamate
motor_005,720575940619048827,5.166666666666667,0.0070345829173096,False,,,
motor_005,720575940615671106,5.133333333333334,0.0069891985113914,True,,DNge059,acetylcholine
motor_005,720575940628598121,5.1,0.0069438141054733,False,,CB4055,acetylcholine
motor_005,720575940638181092,5.1,0.0069438141054733,False,,,
motor_005,720575940634645600,5.0,0.0068076608877189,False,,CB4055,acetylcholine
motor_005,720575940622810153,4.766666666666667,0.006489970046292,False,brain_motor_neuron,MN10,acetylcholine
motor_005,720575940643867296,4.6,0.0062630480167014,True,,CB4058,gaba
motor_005,720575940610054980,4.566666666666666,0.0062176636107833,False,,CB0724,gaba
motor_005,720575940630683385,4.533333333333333,0.0061722792048652,False,,CB0801,gaba
motor_005,720575940618472261,3.966666666666667,0.005400744304257,False,,CB0707,acetylcholine
motor_005,720575940660219265,3.966666666666667,0.005400744304257,True,brain_motor_neuron,CB0701,acetylcholine
motor_005,720575940620335269,3.933333333333333,0.0053553598983389,False,,CB0724,gaba
