condition,width_ms,n,n_without_difference,min_ms,median_ms,max_ms
baseline,1,30,0,27.0,113.5,626.0
baseline,5,30,2,55.0,230.0,955.0
baseline,10,30,2,50.0,305.0,950.0
baseline,20,30,2,40.0,310.0,940.0
mode,1,30,0,26.0,122.5,467.0
mode,5,30,0,30.0,302.5,710.0
mode,10,30,1,30.0,310.0,810.0
mode,20,30,1,20.0,300.0,980.0
motor_003,1,30,0,13.0,100.5,736.0
motor_003,5,30,0,35.0,232.5,970.0
motor_003,10,30,1,30.0,260.0,980.0
motor_003,20,30,1,20.0,280.0,980.0
motor_004,1,30,0,13.0,173.0,672.0
motor_004,5,30,0,45.0,287.5,735.0
motor_004,10,30,0,40.0,305.0,730.0
motor_004,20,30,0,60.0,360.0,860.0
motor_005,1,30,0,13.0,164.5,593.0
motor_005,5,30,2,45.0,420.0,840.0
motor_005,10,30,4,40.0,455.0,900.0
motor_005,20,30,6,160.0,470.0,920.0
